koen,vaegt,hoejde,alder,ryger
Kvinde,64,174,19,Ryger
Mand,75,170,37,Ryger
Kvinde,60,170,35,Ryger
Kvinde,72,168,47,Ryger ikke
Kvinde,55,171,24,Ryger ikke
Kvinde,66,180,26,Ryger ikke
Kvinde,63,173,28,Ryger ikke
Kvinde,55,163,28,Ryger ikke
Kvinde,54,165,32,Ryger
Kvinde,80,160,28,Ryger ikke
Kvinde,48,167,51,Ryger
Kvinde,64,177,23,Ryger ikke
Mand,58,175,23,Ryger ikke
Mand,NA,191,27,Ryger ikke
Mand,85,179,66,Ryger ikke
Mand,80,180,22,Ryger
Mand,79,186,27,Ryger
Mand,90,190,26,Ryger ikke
Mand,55,176,20,Ryger
Kvinde,53,171,22,Ryger
Mand,72,174,35,Ryger
Mand,62,168,84,Ryger ikke
Mand,63,174,50,Ryger
Kvinde,58,165,43,Ryger
Kvinde,78,170,24,Ryger ikke
Mand,81,190,43,Ryger
Kvinde,64,170,54,Ryger ikke
Mand,76,173,57,Ryger
Kvinde,62,169,26,Ryger ikke
Kvinde,61,162,45,Ryger ikke
Kvinde,NA,172,54,Ryger
Mand,60,174,53,Ryger
Kvinde,48,165,32,Ryger
Kvinde,72,160,61,Ryger ikke
Mand,85,178,44,Ryger ikke
Kvinde,50,148,39,Ryger
Mand,70,183,41,Ryger
Mand,76,166,81,Ryger ikke
Mand,50,160,59,Ryger
Kvinde,59,165,53,Ryger
Mand,68,168,32,Ryger ikke
Mand,80,176,32,Ryger ikke
Kvinde,60,174,34,Ryger ikke
Mand,85,184,30,Ryger ikke
Kvinde,86,169,21,Ryger ikke
Kvinde,78,159,67,Ryger ikke
Mand,85,187,44,Ryger ikke
Mand,60,174,31,Ryger
Kvinde,58,163,25,Ryger ikke
Mand,75,176,84,Ryger ikke
Mand,90,190,71,Ryger
Mand,75,183,27,Ryger ikke
Mand,102,193,30,Ryger ikke
Mand,90,174,51,Ryger
Kvinde,58,168,26,Ryger ikke
Mand,68,180,20,Ryger ikke
Mand,65,183,26,Ryger
Kvinde,63,175,21,Ryger
Mand,84,160,58,Ryger ikke
Kvinde,59,171,24,Ryger
Kvinde,55,164,45,Ryger
Mand,85,183,52,Ryger
Mand,90,180,64,Ryger
Kvinde,62,174,27,Ryger ikke
Mand,140,200,30,Ryger ikke
Kvinde,75,162,76,Ryger
Kvinde,65,173,26,Ryger ikke
Kvinde,69,178,20,Ryger ikke
Mand,79,182,21,Ryger ikke
Kvinde,58,157,41,Ryger
Kvinde,59,160,32,NA
Kvinde,55,171,27,Ryger ikke
Mand,85,183,31,Ryger
Kvinde,56,172,23,Ryger ikke
Mand,92,170,59,Ryger ikke
Mand,64,173,33,Ryger
Kvinde,63,172,60,Ryger ikke
Mand,60,173,29,Ryger
Kvinde,54,157,32,Ryger ikke
Mand,90,181,50,Ryger ikke
Mand,78,188,32,Ryger ikke
Mand,80,177,35,Ryger
Mand,76,180,28,Ryger ikke
Kvinde,61,172,40,Ryger
Mand,60,163,31,Ryger ikke
Mand,86,190,27,Ryger ikke
Kvinde,52,162,24,Ryger ikke
Kvinde,65,173,44,Ryger
Mand,65,175,67,Ryger
Mand,85,187,45,Ryger
Kvinde,69,172,26,Ryger ikke
Kvinde,59,163,24,Ryger ikke
Kvinde,59,168,55,Ryger
Mand,71,190,27,Ryger ikke
Mand,68,162,72,Ryger ikke
NA,70,177,26,Ryger
Kvinde,70,168,38,Ryger ikke
NA,NA,NA,NA,NA
Mand,82,192,24,Ryger ikke
Mand,75,194,23,Ryger ikke
Kvinde,68,175,20,Ryger ikke
Kvinde,48,158,45,Ryger
NA,NA,NA,NA,Ryger
Kvinde,84,169,59,Ryger
Kvinde,62,180,30,Ryger
Mand,85,175,23,Ryger ikke
Mand,74,175,23,Ryger
Kvinde,51,162,29,Ryger ikke
Mand,73,185,22,Ryger ikke
Kvinde,65,178,26,Ryger
Kvinde,67,176,23,Ryger
Mand,73,180,23,Ryger ikke
Mand,75,175,25,Ryger ikke
Mand,72,178,23,Ryger ikke
Kvinde,62,173,32,Ryger
Kvinde,78,173,64,Ryger ikke
Mand,72,181,33,Ryger ikke
Mand,86,187,30,Ryger
Mand,75,176,32,Ryger
Mand,72,191,28,Ryger ikke
Mand,67,172,26,Ryger
Kvinde,55,165,45,Ryger
Kvinde,57,166,78,Ryger ikke
Mand,64,170,22,Ryger
Mand,73,180,24,Ryger
Mand,91,185,28,Ryger ikke
Mand,81,176,46,Ryger
Mand,67,174,21,Ryger
Kvinde,80,165,39,Ryger
Kvinde,57,163,65,Ryger ikke
Mand,74,185,43,Ryger ikke
Mand,76,180,26,Ryger
Mand,70,176,28,Ryger ikke
Kvinde,47,165,23,Ryger
Kvinde,70,168,25,Ryger
Mand,82,185,27,Ryger ikke
Kvinde,NA,184,20,Ryger ikke
Mand,63,NA,43,Ryger
Kvinde,57,163,23,Ryger ikke
Mand,78,172,72,Ryger ikke
Kvinde,60,158,66,Ryger ikke
Kvinde,77,170,66,Ryger
Mand,75,177,38,Ryger
Mand,95,182,31,Ryger
Mand,85,187,51,Ryger
Mand,80,183,41,Ryger
Kvinde,62,167,47,Ryger ikke
Kvinde,66,174,34,Ryger
Mand,84,183,29,Ryger
Kvinde,85,167,49,Ryger ikke
Mand,75,182,22,Ryger ikke
Kvinde,53,164,58,NA
Mand,79,189,24,Ryger ikke
Mand,64,177,20,Ryger
Kvinde,59,168,48,Ryger
Kvinde,57,176,19,Ryger
Mand,90,191,74,Ryger ikke
Kvinde,77,182,33,NA
Kvinde,80,180,35,Ryger
Mand,55,172,63,Ryger
Kvinde,70,167,36,Ryger
Mand,72,183,21,Ryger
Kvinde,65,165,30,Ryger ikke
Kvinde,53,157,39,Ryger
Mand,84.5,186,41,Ryger
Kvinde,80,175,23,Ryger
Kvinde,68,167,67,Ryger
Kvinde,76,172,66,Ryger ikke
Mand,85,187,40,Ryger ikke
Mand,97,174,30,Ryger ikke
Kvinde,67,170,23,Ryger ikke
Kvinde,67,164,46,Ryger
Kvinde,63.5,NA,21,Ryger ikke
NA,52,155,75,Ryger
Kvinde,55,167,19,NA
Mand,73,177,45,Ryger ikke
Kvinde,53,157,27,Ryger ikke
Kvinde,65,165,73,Ryger ikke
Kvinde,85,177,46,Ryger
Kvinde,90,165,53,Ryger
Mand,117,177,60,Ryger
Mand,110,197,26,Ryger ikke
Mand,65,171,79,NA
Mand,89,176,51,Ryger
Mand,85,NA,38,Ryger ikke
Kvinde,72,164,80,Ryger ikke
Mand,65,184,25,Ryger
Mand,86,188,25,Ryger
Kvinde,87,168,75,Ryger ikke
Kvinde,65,172,19,Ryger
Mand,79,189,23,NA
Kvinde,64,155,52,Ryger ikke
Mand,68,178,23,Ryger
Kvinde,60,155,66,Ryger
Kvinde,57,160,66,Ryger ikke
Mand,70,174,51,Ryger
Kvinde,61,170,48,Ryger
Kvinde,68,165,38,Ryger ikke
Mand,79.5,185,23,Ryger ikke
Mand,75,176,31,Ryger
Kvinde,50,162,37,Ryger ikke
Kvinde,60,156,34,Ryger
Mand,76,182,26,Ryger
Kvinde,75,165,61,Ryger ikke
Kvinde,51,162,38,Ryger
Mand,88,188,35,Ryger ikke
Mand,72,177,39,Ryger ikke
Mand,65,171,27,Ryger ikke
Kvinde,62,167,52,Ryger
Kvinde,64,182,37,Ryger
Kvinde,63,168,42,Ryger ikke
Mand,80,187,53,Ryger
Kvinde,57,167,26,Ryger ikke
Kvinde,56,159,36,Ryger
Mand,68,189,26,Ryger ikke
Mand,110,180,47,Ryger ikke
Mand,100,188,36,Ryger ikke
Mand,71,174,29,Ryger
Mand,70,180,40,Ryger ikke
Mand,NA,182,34,Ryger
Kvinde,NA,175,38,Ryger ikke
Kvinde,48,161,61,Ryger
Kvinde,67,164,34,Ryger
Kvinde,66,173,22,Ryger
Kvinde,74,165,40,Ryger ikke
Kvinde,64,167,50,Ryger ikke
Kvinde,70,162,63,Ryger
Kvinde,52,164,42,Ryger
Mand,93,183,35,Ryger
Mand,88,NA,48,Ryger ikke
Kvinde,68,170,33,Ryger ikke
Mand,84,187,31,Ryger
Kvinde,55,165,30,Ryger ikke
Mand,85,189,22,Ryger
Kvinde,71,165,28,Ryger
Kvinde,54,160,35,Ryger
Kvinde,60,172,25,Ryger
Kvinde,63,167,71,Ryger ikke
Mand,75,192,23,Ryger ikke
Mand,87,182,27,Ryger
Mand,60,165,55,Ryger
Mand,67,170,75,Ryger ikke
Kvinde,57,168,31,Ryger
Mand,78,183,40,Ryger
Kvinde,68,173,52,Ryger ikke
Kvinde,65,162,25,Ryger
Kvinde,57,161,27,Ryger
Mand,67,182,27,NA
Kvinde,51,163,27,Ryger ikke
Kvinde,67,165,43,Ryger
Mand,66,172,23,Ryger ikke
Kvinde,62,158,24,Ryger
NA,NA,NA,NA,Ryger
Mand,74.5,164,74,Ryger
Kvinde,65,180,32,Ryger
Kvinde,65,165,20,Ryger ikke
Mand,67,190,32,Ryger
Mand,92,187,61,Ryger
Mand,80,185,32,Ryger
Mand,90,186,34,Ryger
Mand,63,175,49,Ryger
Mand,68,NA,75,Ryger ikke
Kvinde,80,162.5,44,Ryger
Mand,80,180,68,Ryger
Kvinde,61,166,59,Ryger ikke
Kvinde,60,149,46,Ryger ikke
Kvinde,56,175,24,Ryger
Mand,62,171,34,Ryger ikke
Kvinde,51,164,27,Ryger
Mand,NA,178,22,Ryger
Kvinde,94,160,51,Ryger ikke
Mand,74,179,22,Ryger ikke
Mand,69,175,21,Ryger ikke
Mand,84,177,59,Ryger ikke
Kvinde,55,165,28,Ryger ikke
Mand,76,NA,24,Ryger
Mand,70,180,39,Ryger
Mand,69,175,42,Ryger
Kvinde,58,170,20,Ryger ikke
Kvinde,60,163,66,Ryger
Kvinde,74,178,51,Ryger ikke
Kvinde,61,159,44,Ryger
Kvinde,58,175,24,Ryger
Kvinde,53,165,20,Ryger ikke
Mand,98,186,34,Ryger
Kvinde,60,175,21,Ryger ikke
Kvinde,63,172,45,Ryger
Mand,88,181,50,Ryger ikke
Mand,85,194,23,Ryger ikke
NA,NA,NA,NA,Ryger ikke
Kvinde,55,175,20,Ryger ikke
Kvinde,55,168,27,Ryger ikke
Kvinde,NA,167,22,Ryger
Kvinde,49.5,159,60,Ryger
Mand,72,176.5,23,Ryger
Kvinde,80,170,47,Ryger ikke
Kvinde,70,160,27,Ryger
Mand,106,182,67,Ryger
Kvinde,70,160,56,Ryger ikke
Mand,71,181,29,Ryger
Mand,80,180,35,Ryger ikke
Mand,70,177,32,Ryger
Mand,75,176,26,Ryger ikke
Mand,95,179,51,Ryger ikke
Mand,75,195,30,Ryger
Mand,80,188,38,Ryger
Kvinde,65,175,30,Ryger ikke
Kvinde,NA,169,26,Ryger
Mand,82,180,45,Ryger
Mand,55,175,82,Ryger ikke
Kvinde,75,166,67,Ryger ikke
Kvinde,65,160,24,Ryger ikke
Kvinde,62,173,25,Ryger ikke
Kvinde,52,168,55,Ryger
Kvinde,90,158,77,Ryger ikke
Mand,69,170,50,Ryger ikke
Kvinde,54,169,23,Ryger ikke
NA,NA,NA,NA,NA
Kvinde,70,189,33,Ryger
Kvinde,58,160,32,Ryger
Mand,68,165,78,Ryger ikke
Kvinde,64,167,75,Ryger ikke
Mand,78,178,21,Ryger
Mand,60,NA,26,Ryger
Kvinde,82,167,82,Ryger
Mand,90,189,37,Ryger ikke
Kvinde,59,169,44,Ryger ikke
Kvinde,85,167,52,Ryger ikke
Kvinde,95,175,39,Ryger ikke
Mand,75,170,36,Ryger ikke
Mand,85,183,27,Ryger
Mand,76,183,24,Ryger ikke
Kvinde,67,178,37,Ryger ikke
Mand,91,186,79,Ryger ikke
Kvinde,55,164,18,Ryger ikke
Kvinde,60,164,65,Ryger ikke
Mand,90,195,23,Ryger ikke
Mand,68,183,24,Ryger ikke
Kvinde,56,168,28,Ryger ikke
Kvinde,64,180,27,Ryger
Kvinde,60,168,87,Ryger ikke
Mand,65,170,51,Ryger ikke
Mand,71,190,21,Ryger
Mand,71,178,32,Ryger
Kvinde,78,174,36,Ryger ikke
Kvinde,66,180,34,Ryger ikke
Mand,90,178,26,Ryger
Kvinde,50,165,25,Ryger
Kvinde,72,174,31,Ryger
Mand,75,179,23,Ryger ikke
Kvinde,59,172,31,Ryger ikke
Kvinde,55,164,23,Ryger ikke
Mand,80,180,53,Ryger ikke
Mand,74,166,50,Ryger ikke
Kvinde,73,182,22,Ryger ikke
Mand,89,NA,33,Ryger
Kvinde,60,169,25,Ryger
Kvinde,68,168,78,Ryger
Kvinde,52,153,45,Ryger
Kvinde,61,168,86,Ryger ikke
Mand,78,182,23,Ryger
Kvinde,80,169,69,Ryger
Mand,70,180,37,Ryger ikke
Mand,74,185,24,Ryger ikke
Mand,70,167,44,Ryger
Kvinde,59,168,55,Ryger
Mand,74,174,61,Ryger ikke
Mand,95,185,41,Ryger ikke
Mand,81,190,30,Ryger ikke
Kvinde,64,174,28,Ryger
Kvinde,80,177,24,Ryger
Kvinde,66,172,62,Ryger
Kvinde,NA,180,35,Ryger
Kvinde,55.5,168,20,Ryger
Kvinde,63,165,29,Ryger
Kvinde,58,170,22,Ryger
Mand,100,174,50,Ryger ikke
Kvinde,51,162,20,Ryger
Mand,88,182,85,NA
Kvinde,65,178,30,Ryger
Kvinde,66.5,178,29,Ryger
Mand,68,176,31,Ryger
Kvinde,65,170,19,Ryger
Mand,101,190,44,Ryger
Kvinde,62,171,29,Ryger ikke
Kvinde,65,173,22,Ryger
Kvinde,68,168,49,Ryger ikke
Kvinde,57,163,43,Ryger
Mand,85,174,26,Ryger
Mand,79,186,23,Ryger ikke
Kvinde,54,160,22,Ryger ikke
Mand,73,178,43,Ryger
Kvinde,70,179,45,Ryger ikke
Kvinde,67,167,55,Ryger ikke
Kvinde,54,172,21,Ryger
Mand,65,178,25,Ryger
Kvinde,85,170,59,Ryger
Mand,75,176,44,Ryger
Kvinde,78,184,48,Ryger ikke
Mand,92,186,25,Ryger
Kvinde,56,171,20,Ryger ikke
Kvinde,66.5,160,27,Ryger
Kvinde,74,167,52,Ryger ikke
Mand,74,184,28,Ryger
Kvinde,89,173,25,Ryger ikke
Mand,90,181,27,Ryger
Mand,90,184,42,Ryger
Mand,92.5,193,18,Ryger
Mand,62,163,48,Ryger
Mand,80,NA,44,NA
Mand,53,167,27,Ryger
Mand,74,168,83,Ryger ikke
Kvinde,NA,169,23,Ryger ikke
Mand,82,180,43,Ryger
Mand,NA,NA,31,Ryger ikke
Mand,92,187,33,Ryger ikke
Mand,93,192,35,Ryger
Kvinde,88,166,79,Ryger ikke
Kvinde,78,165,76,Ryger
Mand,90,182,74,Ryger ikke
Kvinde,89,165,64,Ryger ikke
Kvinde,53,168,45,Ryger ikke
Kvinde,89,164,31,Ryger
Kvinde,54,173,23,Ryger ikke
Kvinde,78,171,25,Ryger ikke
Mand,74,172,83,Ryger
Kvinde,54,165,27,Ryger ikke
Mand,76,184,22,Ryger
Kvinde,NA,NA,90,NA
Kvinde,73,170,32,Ryger
Mand,80,174,28,Ryger
Mand,85,194,27,Ryger ikke
Mand,69,168,31,Ryger
Kvinde,60,176,21,Ryger ikke
Mand,69,172,65,Ryger
Kvinde,71,168,57,Ryger
Kvinde,59,164,27,Ryger
Kvinde,75,167,55,Ryger ikke
Kvinde,75,172,23,Ryger ikke
Mand,80,180,77,Ryger
Mand,71,178,27,Ryger ikke
Kvinde,NA,163,24,Ryger
Kvinde,64,172,59,Ryger ikke
Kvinde,63,170,25,Ryger
Kvinde,90,177,29,Ryger
Mand,75,169,42,Ryger ikke
Mand,75,180,42,Ryger
Kvinde,92,164,68,Ryger ikke
Kvinde,60,165,32,Ryger ikke
Kvinde,50,162,20,Ryger
Kvinde,60,155,34,Ryger
Kvinde,59,165,43,Ryger
Kvinde,47,152,67,Ryger
Mand,81,188,30,Ryger ikke
Kvinde,57,173,26,Ryger ikke
Mand,78,178,21,Ryger
Kvinde,73,170,26,Ryger
Mand,71,177,18,Ryger ikke
Mand,78,174,31,Ryger ikke
Kvinde,58,169,49,Ryger ikke
Kvinde,67,156,81,Ryger ikke
Kvinde,79,180,51,Ryger ikke
Mand,67,180,28,Ryger
Kvinde,64,168,25,Ryger ikke
Kvinde,54.5,168,22,Ryger ikke
Kvinde,65,170,31,Ryger ikke
Kvinde,60,160,57,Ryger ikke
Mand,70,187,22,Ryger
Mand,64,177,30,Ryger ikke
Kvinde,68,165,80,Ryger ikke
Kvinde,59,164,42,Ryger
Mand,65,178,21,Ryger ikke
Mand,92,200,39,Ryger
Kvinde,92,198,70,Ryger ikke
Kvinde,51,167,48,Ryger ikke
Kvinde,62,175,45,Ryger
Mand,101,178,47,Ryger ikke
NA,NA,NA,NA,NA
Mand,72,177,47,Ryger
Mand,98,177,61,Ryger
Kvinde,76,174,35,Ryger ikke
Kvinde,50,168,25,Ryger
Mand,73,180,31,Ryger
Kvinde,64,180,30,Ryger ikke
Mand,70,176,47,Ryger
Mand,75,181,27,Ryger
Kvinde,54,172,67,Ryger
Kvinde,53,165,49,Ryger
Mand,70,178,26,Ryger
Mand,76,184,28,Ryger
Kvinde,70,170,23,Ryger ikke
Kvinde,53,164,78,Ryger
Mand,66,174,31,Ryger ikke
Mand,85,181,29,Ryger ikke
Kvinde,54,173,23,Ryger ikke
Mand,74,185,32,Ryger ikke
Mand,93,189,57,Ryger
Mand,93,181,47,Ryger
Mand,84,191,38,Ryger ikke
Mand,73,183,57,Ryger
Kvinde,60,168,23,Ryger ikke
Mand,77,178,30,Ryger
Kvinde,60,164,49,Ryger ikke
Mand,88,188,43,Ryger
Kvinde,56,168.5,21,Ryger ikke
Mand,75,186,22,Ryger ikke
Mand,92,192,30,Ryger
Mand,73,182,25,Ryger
Mand,110,186,54,Ryger
Mand,62,165,51,Ryger
Kvinde,58,167,70,Ryger
Kvinde,63,168,30,Ryger
Mand,72,175,28,Ryger ikke
Kvinde,98,162,58,Ryger
Mand,65,180,30,Ryger
Kvinde,53,170,26,Ryger ikke
Kvinde,95,182,19,Ryger ikke
Mand,72,176,60,Ryger ikke
Mand,84,181,22,Ryger ikke
Kvinde,59,153,51,Ryger ikke
Mand,85,191,54,Ryger
Kvinde,58,162,36,Ryger ikke
Mand,88,187,27,Ryger ikke
Mand,70,182,26,Ryger
Kvinde,NA,163,40,Ryger
Mand,98,190,29,Ryger ikke
Kvinde,59,164,73,Ryger ikke
Mand,68,176,71,Ryger
Mand,84,181,65,Ryger ikke
Mand,63,164,45,Ryger
Kvinde,57,160,23,Ryger
Kvinde,47,160,46,NA
Mand,95,190,29,Ryger
Kvinde,70,170,41,Ryger
Mand,108,197,40,Ryger ikke
Mand,78,180,70,Ryger
Kvinde,90,168,39,Ryger
Kvinde,61,162,41,Ryger ikke
Kvinde,67,176,35,Ryger
Mand,75,170,32,Ryger ikke
Mand,78,188,23,Ryger ikke
Mand,120,174,53,Ryger
Kvinde,59,170,37,Ryger ikke
Kvinde,65,195,67,Ryger ikke
Kvinde,68.5,166,30,Ryger
Kvinde,60,175,40,Ryger ikke
Kvinde,68,178,22,Ryger ikke
Kvinde,81,183,31,Ryger ikke
Kvinde,52,161,26,Ryger ikke
Mand,90,173,79,Ryger ikke
Kvinde,99,172,54,Ryger
Kvinde,60,169,23,Ryger
Mand,88,189,23,Ryger
Kvinde,67,170,22,Ryger ikke
Kvinde,85,159,58,Ryger ikke
Kvinde,64,172,27,Ryger
Kvinde,75,158,31,Ryger ikke
Kvinde,62,180,27,Ryger
Mand,70,178,40,Ryger
Kvinde,68,179,25,Ryger
Mand,80,189,23,Ryger ikke
Mand,75,190,38,Ryger ikke
Kvinde,65,162,55,Ryger
Mand,102,175,75,Ryger ikke
Kvinde,67,162,43,Ryger ikke
Mand,78,178,47,Ryger ikke
Kvinde,68,168,24,NA
Mand,90,178,75,Ryger ikke
Mand,105,180,45,Ryger
Kvinde,60,168,22,Ryger
Mand,70,172,47,Ryger
Mand,86,179,27,Ryger ikke
Kvinde,60,160,60,Ryger
Kvinde,55,156,51,Ryger
Mand,77,183,34,Ryger ikke
Kvinde,63,158,75,Ryger ikke
Kvinde,45,158,82,NA
Mand,60,168,42,Ryger ikke
Mand,97,172,50,Ryger ikke
Kvinde,65,165,60,Ryger
Kvinde,62,172,39,Ryger ikke
Kvinde,69,169,48,Ryger
Mand,80,187,33,Ryger ikke
Kvinde,68,171,33,Ryger ikke
Kvinde,62,160,58,Ryger ikke
Mand,77,188,24,Ryger
Kvinde,87,176,26,Ryger ikke
Mand,75,175,23,Ryger ikke
Mand,75,180,42,Ryger ikke
Kvinde,78,167,50,Ryger
Kvinde,54,168,20,Ryger ikke
Mand,52,169,32,Ryger
Mand,83,180,49,Ryger
Kvinde,54,162,68,Ryger
Mand,95,180,35,Ryger ikke
Kvinde,64,174,29,Ryger ikke
Kvinde,56,173,22,Ryger
Kvinde,62,175,34,Ryger ikke
Kvinde,54,169,24,Ryger ikke
Kvinde,55,166,22,Ryger ikke
Mand,78,183,35,Ryger
Kvinde,53,159,33,Ryger ikke
Mand,85,182,48,Ryger
Mand,68,166,79,Ryger
Kvinde,73,173,24,Ryger
NA,NA,NA,NA,Ryger ikke
Kvinde,60,167,28,Ryger
Mand,85,186,23,Ryger
Mand,82,187,39,Ryger
Mand,75,183,21,Ryger ikke
Mand,67,180,21,Ryger
Kvinde,60,164,28,Ryger ikke
Mand,62,170,28,Ryger ikke
Kvinde,55,166,66,Ryger
Mand,78,187,24,Ryger
Kvinde,85,164,73,Ryger
Mand,88,191,23,Ryger
Kvinde,67,175,45,Ryger
Mand,76,185,37,Ryger ikke
Mand,75,187,23,Ryger ikke
Kvinde,73,178,20,Ryger
Mand,70,181,22,Ryger ikke
Mand,72,180,32,Ryger
Kvinde,70,170,29,Ryger ikke
Kvinde,69,164,33,Ryger ikke
Kvinde,53,160,48,Ryger
Kvinde,60,174,27,Ryger ikke
Kvinde,66,172,19,Ryger ikke
Kvinde,90,159,45,Ryger ikke
Kvinde,58,165,39,Ryger ikke
Kvinde,67,165,36,Ryger
Mand,75,173,48,Ryger
Kvinde,65,165,31,Ryger ikke
Mand,95,192,23,Ryger ikke
Kvinde,70,165,31,Ryger ikke
Mand,74,176,21,Ryger ikke
Kvinde,47,163,68,Ryger
Mand,88,176,49,Ryger
Mand,102,185,31,Ryger
Kvinde,61,169,43,Ryger ikke
Mand,90,173,31,Ryger ikke
Kvinde,62,160,79,Ryger
Mand,77,176,76,Ryger ikke
Mand,55,172,45,Ryger
Kvinde,75,165,87,Ryger ikke
Mand,88,182,38,Ryger
Mand,58,181,27,Ryger
Kvinde,45,168,82,Ryger
Mand,70,176,53,Ryger
Kvinde,65,165,50,Ryger ikke
Kvinde,45,160,46,Ryger
Kvinde,60,168,40,Ryger ikke
Kvinde,55,163,24,Ryger ikke
Mand,104,192,30,Ryger ikke
Kvinde,82,170,33,Ryger
Kvinde,77,166,22,Ryger ikke
Kvinde,58,167,21,Ryger ikke
Kvinde,54,158,20,Ryger ikke
Kvinde,52,160,34,Ryger ikke
Kvinde,63,167,31,Ryger
Mand,63,182,26,Ryger ikke
Mand,95,191,25,Ryger
Mand,82,174,46,Ryger ikke
NA,NA,NA,NA,Ryger ikke
Kvinde,65,154,83,Ryger ikke
Mand,78,178,42,Ryger
Kvinde,65,167,26,Ryger
Kvinde,54,163,33,Ryger ikke
Kvinde,52,164,25,Ryger ikke
Kvinde,78,178,42,Ryger
Kvinde,59.5,NA,29,Ryger
Kvinde,51,164,79,Ryger
Kvinde,62,164,23,Ryger ikke
Mand,75,186,27,Ryger
Mand,76,180,24,Ryger
Mand,74.5,182,31,Ryger ikke
Mand,65,170,85,Ryger ikke
Kvinde,68,168,85,Ryger ikke
Kvinde,60,170,41,NA
Kvinde,65,164,61,Ryger
Mand,63,165,55,Ryger
Kvinde,75,173,81,NA
Mand,65,170,50,Ryger ikke
Mand,72,172,79,Ryger ikke
Mand,74,178,24,Ryger ikke
Kvinde,60,165,43,Ryger ikke
Mand,72,173,81,Ryger
Kvinde,90,165,58,Ryger
Kvinde,72,182,25,Ryger ikke
Kvinde,72,180,43,Ryger ikke
Kvinde,NA,165,55,Ryger
Mand,78,181,35,Ryger
Kvinde,NA,170,49,Ryger ikke
Kvinde,57,175,22,Ryger
Kvinde,64,178,23,Ryger ikke
Kvinde,50,160,51,Ryger
Kvinde,53,153,20,Ryger
Mand,72,167,83,Ryger ikke
Kvinde,59,NA,74,Ryger ikke
Mand,68,190,26,Ryger
Mand,78,194,31,Ryger
Kvinde,70,178,32,Ryger
Kvinde,50,168,75,Ryger
Kvinde,72,160,56,Ryger
Mand,60,162,84,Ryger
Kvinde,57,NA,69,Ryger ikke
Mand,74,181,19,Ryger
Kvinde,55,160,29,Ryger ikke
Kvinde,65,163,84,Ryger
Kvinde,57,173,55,Ryger
Mand,68,165,34,Ryger ikke
Kvinde,54,168,41,Ryger ikke
Mand,69,175,32,Ryger
Kvinde,48,152,27,Ryger ikke
Mand,83,180,44,Ryger
Kvinde,69,150,72,Ryger
Kvinde,82,174,87,Ryger ikke
Mand,99,192,57,Ryger ikke
Kvinde,75,NA,80,Ryger ikke
Mand,102,186,27,Ryger ikke
NA,NA,NA,NA,NA
Mand,93,180,36,Ryger
Kvinde,72,175,26,Ryger ikke
Kvinde,69,160,72,Ryger ikke
Mand,63,176,19,Ryger ikke
Mand,65,170,19,Ryger
Mand,78,170,81,Ryger
Mand,78,183,21,Ryger ikke
Kvinde,58,169,28,Ryger ikke
Mand,71,182,53,Ryger
Mand,80,178,53,Ryger ikke
Kvinde,90,164,55,Ryger
Mand,75,168,42,Ryger
Kvinde,65,NA,21,Ryger
Mand,87,198,59,Ryger ikke
Kvinde,68,167,23,Ryger ikke
NA,NA,NA,NA,Ryger ikke
Kvinde,60,173,22,Ryger
Kvinde,64,164,26,Ryger ikke
Kvinde,82,168,63,Ryger ikke
Kvinde,32,153,42,Ryger
Kvinde,80,172,64,NA
Kvinde,58,175,31,Ryger
Kvinde,90,170,54,Ryger
Kvinde,89,158,71,Ryger
Mand,74,183,26,Ryger
Kvinde,46,172,82,Ryger
Kvinde,57.5,168,25,Ryger ikke
Mand,70,180,31,Ryger ikke
Kvinde,78,167,28,Ryger ikke
Mand,88,180,75,Ryger
Mand,85,180,31,Ryger ikke
Kvinde,62,166,61,Ryger
Mand,75,173,47,Ryger
Mand,75,173,32,Ryger
Kvinde,61,172,31,Ryger
Mand,83,183,43,Ryger ikke
Kvinde,73.5,172.5,35,Ryger ikke
Kvinde,59,171,33,Ryger
Kvinde,65,172,70,Ryger ikke
Kvinde,54,164,44,Ryger
Mand,83,179,53,Ryger
Kvinde,65,165,37,Ryger ikke
Mand,79,180,25,Ryger
Kvinde,59,171,27,Ryger
Mand,72,175,72,Ryger
Kvinde,45,160,80,Ryger
Kvinde,65,167,66,Ryger
Mand,70,180,29,Ryger
Kvinde,90,172,59,Ryger ikke
Kvinde,70,172,26,Ryger ikke
Kvinde,63,163,48,Ryger ikke
Kvinde,58,168,34,Ryger ikke
Kvinde,58,152,51,Ryger ikke
Mand,83,187,27,Ryger ikke
Kvinde,59,170,49,Ryger ikke
Mand,90,185,26,Ryger ikke
Mand,74,179,39,Ryger ikke
Kvinde,74,186,49,Ryger
Mand,83,176,79,Ryger ikke
Kvinde,73,158,69,Ryger
Kvinde,NA,NA,73,Ryger ikke
Mand,69,170,77,Ryger
Kvinde,60,171,21,Ryger
Mand,77,165,36,Ryger ikke
Kvinde,54,165,25,Ryger
Mand,83,190,26,Ryger ikke
Mand,80,182,25,Ryger
Mand,85,182,71,Ryger
Mand,70,182,29,Ryger
Mand,67,170,28,Ryger
Kvinde,63,165,33,Ryger ikke
Mand,85,175,66,Ryger ikke
Mand,75,183,37,Ryger ikke
Mand,82,NA,71,Ryger
Kvinde,62,173,19,Ryger
Kvinde,53,163,21,Ryger ikke
Mand,76,175,81,Ryger ikke
Kvinde,60,157,87,Ryger ikke
Kvinde,79,175,61,Ryger ikke
Kvinde,65,180,47,Ryger ikke
Kvinde,69,170,37,Ryger
Kvinde,69,165,75,Ryger
Kvinde,52,173,22,Ryger
Mand,85,183,30,Ryger ikke
Kvinde,53,167,25,Ryger
Mand,87,178,32,Ryger
Kvinde,67,172,23,Ryger
Mand,96,184,38,Ryger ikke
NA,NA,NA,NA,Ryger
Kvinde,65,157,43,Ryger ikke
Kvinde,63,172,50,Ryger
Mand,95,186,30,Ryger ikke
Mand,68,170,70,Ryger ikke
Mand,70,173,26,Ryger
Mand,88,179,28,Ryger
Kvinde,78,175,71,Ryger ikke
Mand,68,183,21,Ryger ikke
Kvinde,64,165,31,Ryger
Mand,74,172,33,Ryger
Kvinde,70,160,62,Ryger ikke
Kvinde,55,166,26,Ryger
Mand,78,192,27,Ryger ikke
NA,NA,NA,NA,Ryger ikke
Kvinde,70,171,37,Ryger ikke
Kvinde,90,171,44,Ryger
Mand,68,174,36,Ryger
Kvinde,48,163,24,Ryger ikke
Kvinde,52,158,83,Ryger ikke
Mand,48,177,24,Ryger ikke
Mand,64,172,57,Ryger
Kvinde,61,170,25,Ryger
Kvinde,68,176,34,Ryger ikke
Mand,83,194,24,Ryger ikke
Mand,72,178,31,Ryger
Kvinde,70,175,33,NA
Kvinde,78,175,58,Ryger
Kvinde,59,161,29,Ryger
Mand,80,187,66,Ryger ikke
Kvinde,57,168,21,Ryger
Mand,71,167,59,Ryger ikke
Mand,78,181,55,Ryger
Kvinde,60,163,22,Ryger ikke
Mand,63,165,20,Ryger ikke
Kvinde,63,163,19,NA
Kvinde,59,172,23,Ryger
Mand,67,182,27,Ryger ikke
Mand,71,182,35,Ryger ikke
Kvinde,52,165,24,NA
Kvinde,100,179,22,Ryger
Kvinde,58,170,28,Ryger
Kvinde,63,163,58,Ryger ikke
Mand,NA,NA,32,Ryger ikke
Kvinde,60,170,22,Ryger ikke
Mand,80,172,48,Ryger
Mand,108,196,39,Ryger
Mand,84,174,59,Ryger
Mand,78,180,22,Ryger ikke
Mand,110,182,37,Ryger ikke
Kvinde,75,181,24,Ryger ikke
Mand,87,189,43,Ryger ikke
Kvinde,53,166,28,Ryger
Mand,84,186,40,Ryger ikke
Mand,74,186,30,Ryger ikke
Mand,105,182,56,Ryger
Kvinde,73,180,32,Ryger
Kvinde,78,175,23,Ryger ikke
Kvinde,87,161,39,Ryger
Kvinde,60,165,49,Ryger
Mand,70,170,31,Ryger ikke
Mand,90,184,44,Ryger ikke
Mand,60,155,91,Ryger ikke
Mand,75,173,28,Ryger ikke
Kvinde,60,176,39,Ryger ikke
Mand,102,199,32,Ryger ikke
Kvinde,80,169,41,Ryger
Kvinde,41,160,76,Ryger ikke
Kvinde,67,170,40,Ryger ikke
Kvinde,71,170,71,Ryger ikke
Kvinde,60,157,36,Ryger
Mand,70,179,49,Ryger
Kvinde,60,168,35,Ryger ikke
Mand,61,186,26,Ryger ikke
Kvinde,65,150,59,Ryger ikke
Kvinde,50,160,82,Ryger
Kvinde,79,155,57,Ryger ikke
Kvinde,70,169,23,Ryger
Kvinde,52,152,29,Ryger
Kvinde,70,161,55,Ryger ikke
Kvinde,NA,NA,87,Ryger ikke
Kvinde,44,158,18,Ryger ikke
Kvinde,53,160,41,Ryger
Kvinde,68,163,70,Ryger
Kvinde,46,163,25,Ryger
Mand,86,187,27,Ryger ikke
Kvinde,60,178,53,Ryger ikke
Kvinde,40,155,33,Ryger
Kvinde,55,156,67,Ryger
Kvinde,75,176,72,Ryger ikke
Kvinde,56,162,28,Ryger
Kvinde,83,170,24,Ryger
Kvinde,52,170,35,Ryger ikke
Mand,85,184,67,Ryger ikke
Mand,75,183,19,Ryger
Kvinde,40,166,59,Ryger
Kvinde,52,171,23,Ryger
Mand,93,183.5,29,Ryger
Kvinde,65,171,58,Ryger ikke
Kvinde,88,165,44,Ryger ikke
NA,NA,NA,NA,Ryger
Kvinde,57,173,28,Ryger ikke
Kvinde,77,164,93,Ryger ikke
NA,NA,NA,NA,Ryger ikke
Kvinde,76,174,27,Ryger ikke
Mand,85,190,29,Ryger
Kvinde,68,167,30,Ryger ikke
Mand,75,184,21,Ryger ikke
Kvinde,87,164,21,Ryger ikke
Mand,74,183,44,Ryger
Mand,75,174.5,32,Ryger
Kvinde,57,170,22,Ryger ikke
Kvinde,94,NA,36,Ryger ikke
Kvinde,65,NA,87,Ryger ikke
Mand,78,175,62,Ryger
Mand,70,173,52,Ryger
Kvinde,58,162,70,Ryger ikke
Kvinde,85,167,38,Ryger
Mand,134,184,51,Ryger ikke
Kvinde,65,164,35,Ryger
Kvinde,65,170,24,Ryger ikke
Kvinde,56,156,61,Ryger ikke
Mand,64,170,29,Ryger ikke
Mand,84,184,35,Ryger ikke
Kvinde,70,170,61,Ryger
Mand,75,184,23,Ryger ikke
Kvinde,60,NA,88,Ryger ikke
Mand,65,170,29,Ryger
Kvinde,70,170,65,Ryger ikke
Mand,77,182,26,Ryger
Kvinde,63,162,59,Ryger ikke
Kvinde,57,170,39,Ryger ikke
Mand,68,184,19,Ryger
Mand,100,176,51,Ryger
Kvinde,55,163,68,Ryger
Mand,75,190,27,Ryger
Mand,74,181,30,Ryger
Kvinde,83.6,168,58,Ryger
NA,NA,NA,NA,Ryger ikke
Kvinde,70,185,46,Ryger ikke
Mand,74,181,37,Ryger ikke
Mand,82,185,29,Ryger
Kvinde,60,NA,57,Ryger
Kvinde,64,170,22,Ryger
Kvinde,56,168,22,Ryger ikke
Kvinde,55,162,24,Ryger
Kvinde,52,165,37,Ryger ikke
Mand,80,185,26,Ryger
Mand,80,174,68,Ryger
Mand,75,172,80,Ryger ikke
Kvinde,55,156,87,Ryger ikke
Mand,85,195,24,Ryger ikke
Mand,73,167,57,Ryger ikke
Mand,103,194,34,Ryger
Kvinde,61,162,39,Ryger
Kvinde,85,170,77,Ryger ikke
Mand,68,170,28,Ryger
Kvinde,47,167,23,Ryger ikke
Kvinde,73,170,23,Ryger
Kvinde,70,160,28,Ryger
Kvinde,56,158,35,Ryger ikke
Kvinde,60,156,29,Ryger
Mand,53,160,30,Ryger ikke
Kvinde,78,180,32,Ryger ikke
Kvinde,53,167,30,Ryger ikke
Kvinde,48,161,20,Ryger
Kvinde,60,170,29,Ryger ikke
Kvinde,66,168,64,Ryger
Kvinde,74,175,28,Ryger
Mand,72,175,27,Ryger
Kvinde,51,162,22,Ryger ikke
Kvinde,55,170,30,Ryger
Mand,80,182,43,Ryger
Mand,75,187,35,Ryger
NA,NA,NA,NA,Ryger
Mand,68,176,68,Ryger ikke
Kvinde,82,165,27,Ryger
Mand,NA,168,41,Ryger
Mand,80,180,25,Ryger ikke
Mand,100,200,35,Ryger
Kvinde,60,169,25,Ryger
Mand,88,179,72,Ryger
Kvinde,55,155,82,Ryger
Kvinde,69,171,49,Ryger
Mand,70,178,21,Ryger
Kvinde,60,172,79,Ryger ikke
Kvinde,63,174,27,Ryger ikke
Mand,77,178,42,Ryger ikke
Kvinde,52,168,30,Ryger ikke
Kvinde,64,172,46,Ryger ikke
Kvinde,69,172,33,Ryger
Kvinde,50,156,32,Ryger
Kvinde,60,175,33,Ryger
Kvinde,60,158,71,Ryger
Mand,70,164,47,Ryger
Kvinde,58,160,27,Ryger
Mand,73,194,24,Ryger ikke
Mand,70,170,77,Ryger ikke
Mand,59,176,74,Ryger
Mand,80,186,31,Ryger ikke
Kvinde,54,163,41,Ryger
Kvinde,73,173,27,Ryger ikke
Mand,92,192,22,Ryger ikke
Kvinde,75,163,55,Ryger
Kvinde,68,164,31,Ryger ikke
Kvinde,60,175,32,Ryger ikke
Mand,80,183,34,Ryger
Kvinde,53,168,21,Ryger
Kvinde,51,164,28,Ryger
Kvinde,70,165,27,Ryger
Mand,79,185,38,Ryger ikke
Mand,95,195,52,Ryger ikke
Mand,78,180,23,Ryger ikke
Kvinde,61,164,63,Ryger ikke
Mand,80,187,26,Ryger
Kvinde,48,163,24,Ryger ikke
Mand,71,165,49,Ryger
Mand,72,182,30,Ryger
Kvinde,80,180,28,Ryger
Mand,98,183,29,Ryger ikke
Kvinde,70,167,22,Ryger
Mand,70,175,60,Ryger
Kvinde,74,168,42,Ryger ikke
Kvinde,56,177,35,Ryger ikke
Mand,79,174,62,Ryger ikke
Kvinde,60,160,57,Ryger ikke
Kvinde,63,165,56,Ryger
Mand,90,189.5,31,Ryger ikke
Mand,80,187,25,Ryger
Mand,80,185,40,Ryger
Mand,82,191,36,Ryger ikke
Kvinde,60,159,80,Ryger ikke
Mand,100,195,27,Ryger
Mand,75,183,45,Ryger
Kvinde,70,165,35,Ryger ikke
Kvinde,75,180,29,Ryger
Mand,81,191,29,Ryger ikke
Kvinde,59.5,175,25,Ryger
Kvinde,75,160,79,Ryger ikke
Kvinde,65,174,25,Ryger
Mand,76,180,34,Ryger
Kvinde,62,170,31,Ryger ikke
Mand,75,175,87,Ryger ikke
Kvinde,85,178,57,Ryger ikke
Mand,70,170,19,Ryger
Kvinde,60,165,59,Ryger
Mand,82,174,55,Ryger ikke
Mand,67,176,83,Ryger ikke
Mand,77,170,28,Ryger ikke
Kvinde,84,NA,27,Ryger ikke
Mand,73,176,60,Ryger ikke
Mand,67,172,21,Ryger
Mand,75,172,31,Ryger
Kvinde,70,168,34,Ryger ikke
Mand,76,180,38,Ryger
Mand,76,172,67,Ryger ikke
Kvinde,78,168,45,Ryger
Kvinde,59,172,37,Ryger ikke
Kvinde,82,176,41,Ryger
Mand,85,176,47,Ryger ikke
Kvinde,59,170,24,Ryger ikke
Mand,104,183,51,Ryger ikke
Mand,79,NA,62,Ryger
Kvinde,80,180,29,Ryger ikke
Kvinde,60,165,19,Ryger ikke
Kvinde,80,179,58,Ryger ikke
Kvinde,81,169,39,Ryger
Mand,80,183,30,Ryger
Kvinde,49,170,19,Ryger ikke
Mand,72,178,38,Ryger ikke
Mand,72,170,35,Ryger
Kvinde,58,168,20,Ryger ikke
Mand,75,179,35,Ryger
Kvinde,80,180,33,Ryger
Mand,82,182,27,Ryger ikke
Kvinde,68,154,58,Ryger ikke
Mand,90,178,32,Ryger ikke
Kvinde,60,170,23,Ryger ikke
Kvinde,73,165,71,Ryger ikke
Mand,82,190,21,Ryger
Kvinde,65,170,23,Ryger ikke
Kvinde,62,167,81,Ryger
Kvinde,78,180,32,Ryger ikke
Mand,71,184,28,Ryger
Mand,77,195,33,Ryger ikke
Kvinde,76,170,29,Ryger
Kvinde,46,160,29,Ryger ikke
Mand,71.5,188,78,Ryger
Mand,83,190,50,Ryger
Mand,95,195,30,Ryger
Kvinde,56,165,74,Ryger ikke
Kvinde,56,161,35,Ryger ikke
Kvinde,70,162,27,Ryger
Kvinde,67,167,65,Ryger ikke
Mand,105,173,58,Ryger ikke
Kvinde,107,179,25,Ryger ikke
Mand,65,172,26,Ryger ikke
Kvinde,64,172,64,Ryger
Kvinde,78,176,24,Ryger ikke
Mand,NA,NA,25,Ryger
Mand,74,182,26,Ryger ikke
Mand,72,170,35,Ryger
Mand,83,183,21,Ryger ikke
Kvinde,53,163,26,Ryger
Kvinde,54,172,23,Ryger ikke
Mand,70,177,73,Ryger ikke
Mand,75,175,31,Ryger ikke
Mand,70,162,73,Ryger ikke
Mand,65,174,48,Ryger ikke
Kvinde,68,170,41,Ryger
Kvinde,65,164,67,Ryger ikke
Kvinde,75,180,39,Ryger
Kvinde,69,168,22,NA
Mand,72,179,35,Ryger ikke
Mand,65,182,50,Ryger
Kvinde,67,163,49,Ryger
Kvinde,70,162,56,Ryger ikke
Kvinde,61,176,38,Ryger
Kvinde,67,180,22,Ryger ikke
Mand,61,169,79,Ryger
Mand,82,175,63,Ryger
Kvinde,60,176,52,Ryger
Mand,68,178,28,Ryger
Kvinde,65,172,57,Ryger ikke
Kvinde,60,162,35,Ryger
Kvinde,58,169,39,Ryger ikke
Mand,48,156,49,Ryger
Kvinde,65,164,22,Ryger
Mand,93,189,52,Ryger
Kvinde,60,162,86,Ryger ikke
Kvinde,NA,169,23,Ryger ikke
Kvinde,65,168,30,Ryger ikke
Kvinde,68,174,39,Ryger
Kvinde,56,170,28,Ryger
Kvinde,58,173,26,Ryger ikke
Kvinde,70,160,71,Ryger
Mand,76,180,29,Ryger ikke
Mand,74,189,24,Ryger
Kvinde,55,163,34,Ryger
Kvinde,80,150,74,Ryger ikke
Kvinde,70,172,30,Ryger
Kvinde,67,174,25,Ryger
Kvinde,NA,162,47,Ryger ikke
Mand,80,184,47,Ryger
Kvinde,100,173,77,Ryger ikke
Kvinde,67,179,49,Ryger
Mand,72,180,31,Ryger
Mand,80,175,73,Ryger ikke
Mand,88,186,40,Ryger
Mand,65,177,70,Ryger
Kvinde,85,168,58,Ryger
Kvinde,72.5,168,71,Ryger ikke
Kvinde,66,172,23,Ryger
Mand,76,185,53,Ryger ikke
Kvinde,50,157,91,Ryger
Kvinde,NA,171,39,Ryger
Kvinde,69,175,81,Ryger
Kvinde,60,167,23,Ryger ikke
Mand,79,177,43,Ryger
Kvinde,68,170,23,Ryger ikke
Kvinde,52,150,74,Ryger
Mand,67.5,160,55,Ryger ikke
Kvinde,100,164,36,Ryger ikke
Mand,76,182,40,Ryger ikke
Kvinde,62,157,35,Ryger ikke
Kvinde,75,NA,24,Ryger ikke
Mand,84,173,34,Ryger
Kvinde,60,157,77,Ryger
Mand,88,182,52,Ryger
Kvinde,58,164,71,Ryger ikke
Kvinde,55,168,25,Ryger ikke
Mand,79,180,42,Ryger
Kvinde,58,172,35,Ryger ikke
Mand,76,189,48,Ryger
Mand,59,166,46,Ryger
Mand,75,183,23,Ryger
Mand,77,185,52,Ryger
Mand,78,167,60,Ryger ikke
Kvinde,61,165,26,Ryger ikke
Kvinde,62,169,36,Ryger ikke
Kvinde,57,157,21,Ryger ikke
Kvinde,90,170,50,Ryger
Kvinde,70,162,29,Ryger ikke
Mand,65,165,80,Ryger
Kvinde,52,162,50,Ryger ikke
Mand,80,189,30,Ryger
Kvinde,62,161,82,Ryger ikke
Kvinde,95,162,49,Ryger ikke
Mand,84,185,53,Ryger ikke
Mand,82,173,23,Ryger ikke
Kvinde,67,167,76,Ryger ikke
Kvinde,76,176,25,Ryger ikke
Kvinde,61,170,59,Ryger ikke
Kvinde,73,165,22,Ryger ikke
Kvinde,70,174,29,Ryger
Mand,82,174,33,Ryger
Kvinde,86,176,55,Ryger ikke
Mand,90,180,48,Ryger ikke
Mand,97,176,71,Ryger ikke
Kvinde,52,NA,27,Ryger ikke
Mand,71,180,28,Ryger ikke
Kvinde,64,180,32,Ryger ikke
Mand,68,178,35,Ryger
NA,87,189,30,Ryger ikke
Kvinde,70,NA,81,Ryger
Kvinde,53,163,26,Ryger ikke
Kvinde,46,162,87,Ryger ikke
Mand,72,163,64,Ryger
Kvinde,55,165,22,Ryger ikke
Kvinde,75,169,30,NA
Mand,64,172,55,Ryger ikke
Mand,110,182,26,Ryger
Kvinde,60,170,85,Ryger ikke
Mand,85,194,26,Ryger
Kvinde,84,NA,22,Ryger ikke
NA,NA,NA,NA,Ryger
Kvinde,52,152,78,Ryger ikke
Mand,68,175,56,Ryger
Kvinde,57,162,50,Ryger
Kvinde,80,178,21,Ryger
Kvinde,64,160,60,Ryger ikke
Mand,86,193,35,Ryger ikke
Kvinde,72,174,33,Ryger
Mand,62,169,67,Ryger
Kvinde,65,162,87,Ryger ikke
Kvinde,53,163,39,Ryger ikke
Kvinde,72,163,27,Ryger ikke
Kvinde,60,158,23,Ryger ikke
Kvinde,75,172,21,Ryger
Kvinde,68,167,33,Ryger ikke
Mand,70,182,28,Ryger ikke
Kvinde,62,173,19,Ryger ikke
Mand,107,183,38,Ryger ikke
Kvinde,79,170,52,Ryger
Mand,71,180,66,Ryger
NA,NA,NA,NA,Ryger ikke
Kvinde,78,178,20,Ryger ikke
Mand,100,178,51,Ryger ikke
Mand,71,178,28,Ryger
Kvinde,76,154,81,Ryger ikke
Kvinde,60,157,22,Ryger ikke
Mand,84,188,35,Ryger ikke
Kvinde,98,168,20,Ryger ikke
Kvinde,70,180,73,Ryger
Mand,67,164,74,Ryger
Kvinde,56,163,74,Ryger ikke
Kvinde,NA,168,23,Ryger ikke
Kvinde,56,168,24,Ryger ikke
Mand,92,182,59,Ryger ikke
Kvinde,80,168,65,Ryger ikke
Mand,63,165,62,Ryger
Mand,62,170,35,Ryger ikke
Mand,95,193,33,Ryger ikke
Mand,NA,NA,23,Ryger
Kvinde,62,170,32,Ryger
Mand,80,179,58,Ryger
Kvinde,60,162,60,Ryger ikke
Mand,80,176,62,Ryger
Kvinde,70,175,43,Ryger
Kvinde,71,176,26,Ryger ikke
Kvinde,NA,167,20,Ryger
Kvinde,55,170,27,Ryger ikke
Mand,92,183,31,Ryger ikke
Kvinde,92,176,74,Ryger ikke
Kvinde,65,169,24,Ryger
Kvinde,76,155,24,Ryger
Kvinde,66,150,31,Ryger
NA,NA,NA,NA,NA
Mand,76,183,47,Ryger ikke
Mand,74,188,24,Ryger
Mand,109,191,27,Ryger
Mand,112,180,58,Ryger
Mand,88,185,61,Ryger ikke
Mand,70,176,22,Ryger
Mand,53,163,22,Ryger ikke
Mand,83,183,37,Ryger ikke
Kvinde,82,169,73,Ryger
Kvinde,79,165,23,Ryger
Mand,83,197,22,Ryger ikke
Mand,80,177,43,Ryger
Kvinde,60,168,32,Ryger
Mand,106,176,51,NA
Kvinde,47,160,33,Ryger ikke
Mand,80,186,30,Ryger
Kvinde,82,179,58,Ryger ikke
Mand,76,184,25,Ryger
Kvinde,62,168,48,Ryger ikke
Kvinde,50,148,74,Ryger
Kvinde,64,168,63,Ryger
Kvinde,50,167,75,Ryger ikke
Mand,75,182,22,Ryger ikke
Kvinde,92,167,60,Ryger ikke
Kvinde,58,168,71,Ryger
Kvinde,55,167,25,Ryger ikke
Kvinde,60,160,20,Ryger ikke
Mand,88,178,31,Ryger ikke
Mand,65,165,86,Ryger ikke
Kvinde,74,168,67,Ryger ikke
Kvinde,75,173,28,Ryger
Mand,73,185,25,Ryger
Kvinde,64,171,33,Ryger
Kvinde,54,NA,72,Ryger
Kvinde,75,159,42,Ryger ikke
Kvinde,48,158,33,Ryger ikke
Kvinde,78,167,71,Ryger ikke
Mand,82,179,63,Ryger ikke
Kvinde,68,169,50,Ryger
Mand,71,184,25,Ryger ikke
Kvinde,85,164,41,Ryger
Mand,82,186,35,Ryger
Kvinde,53,168,32,Ryger ikke
Kvinde,73,173,49,Ryger
Kvinde,58,164,28,Ryger
Mand,83,181,47,Ryger
Mand,84,190,40,Ryger
Kvinde,65,164,91,Ryger
Mand,67,164,85,Ryger ikke
Mand,76,172,37,Ryger
Kvinde,72,167,85,Ryger ikke
Mand,90,188,51,Ryger ikke
Mand,85,170,50,Ryger
Kvinde,64,174,19,Ryger
Kvinde,75,167,72,Ryger ikke
Kvinde,64,162,23,Ryger ikke
Kvinde,67,162,39,Ryger
Kvinde,55,163,62,Ryger
Mand,75,190,18,Ryger ikke
Mand,61,174,47,Ryger
Mand,74,184,25,Ryger
Kvinde,43,165,74,Ryger
Kvinde,55,164,19,Ryger ikke
Kvinde,62,170,51,Ryger
Kvinde,72,170,79,Ryger ikke
Kvinde,60,167,23,Ryger ikke
Kvinde,50,150,78,Ryger
Kvinde,NA,NA,27,Ryger
Mand,73,168,23,Ryger ikke
Kvinde,51,167,24,Ryger
Mand,74,179,29,Ryger
Kvinde,75,163,54,Ryger
Mand,83,198,24,Ryger
Kvinde,71,170,55,Ryger ikke
Kvinde,58,165,32,Ryger ikke
Mand,34,171,37,Ryger
Kvinde,70,NA,79,Ryger
Mand,72,178,24,Ryger ikke
Mand,85,192,19,Ryger ikke
Mand,89,184,61,Ryger ikke
Mand,94,180,23,Ryger
Kvinde,74,169.5,87,Ryger
Mand,75,184,24,Ryger
Kvinde,117,182,34,Ryger ikke
Mand,90,185,27,Ryger ikke
Mand,115,182,47,Ryger ikke
Mand,86,176,46,Ryger
Kvinde,48,162,22,Ryger
Kvinde,48,168,68,Ryger
Kvinde,55,164,24,Ryger ikke
Mand,80,174,46,Ryger ikke
NA,NA,NA,NA,Ryger ikke
Kvinde,80,160,71,Ryger ikke
Mand,75,182,80,Ryger
Kvinde,75,168,81,Ryger ikke
Mand,78,180,34,Ryger ikke
Kvinde,65,166,43,Ryger
Kvinde,50,150,57,Ryger ikke
Kvinde,69,180,23,NA
Mand,75,182,56,Ryger
Kvinde,59,168,44,Ryger
Kvinde,72,179,67,Ryger ikke
Mand,86,186,21,Ryger ikke
Kvinde,62,156,55,Ryger ikke
Mand,80,189,27,Ryger
Kvinde,64.5,170,35,Ryger ikke
Kvinde,63,164,39,Ryger ikke
Kvinde,58,173,24,Ryger ikke
Kvinde,67,172,61,Ryger
Mand,80,174,24,Ryger ikke
Mand,80,170,78,Ryger ikke
Kvinde,55,168,27,Ryger ikke
Kvinde,65,173,23,Ryger ikke
Kvinde,68,172,31,Ryger
Kvinde,58,NA,45,Ryger ikke
Kvinde,59,173,37,Ryger ikke
Mand,67,177,30,Ryger ikke
Kvinde,80,168,63,Ryger
Kvinde,73,182,30,Ryger ikke
Kvinde,56,168,23,Ryger ikke
Mand,62,179,25,Ryger ikke
Kvinde,66,168,22,Ryger
Kvinde,56,160,22,Ryger ikke
Kvinde,NA,170,26,Ryger ikke
Mand,55,170,23,Ryger
Kvinde,45,148,59,Ryger
Mand,88,183,32,Ryger ikke
Kvinde,70,170,50,Ryger
Kvinde,60,167,80,Ryger ikke
Kvinde,55,163,48,Ryger ikke
Kvinde,60,163,63,Ryger
Kvinde,50,170,35,Ryger
Mand,83,183,36,Ryger
Mand,80,189,28,Ryger
Mand,76,178,62,Ryger ikke
NA,NA,NA,NA,Ryger
Mand,82,185,35,Ryger
Kvinde,72.5,160,31,Ryger ikke
Kvinde,73,173,23,Ryger ikke
Kvinde,80,172,71,Ryger ikke
Kvinde,65,160,37,Ryger
Kvinde,70,172,31,Ryger
Kvinde,64,168,81,Ryger
NA,59,157,90,Ryger ikke
Kvinde,60,170,20,Ryger ikke
Mand,76,174,22,Ryger
Mand,74,186,28,Ryger ikke
Mand,64,168,18,Ryger
Mand,97,186,41,Ryger ikke
Kvinde,42,152,26,Ryger ikke
Kvinde,50,167,19,Ryger ikke
Mand,73.5,192,22,Ryger ikke
Mand,85,NA,59,Ryger
Kvinde,56,170,20,Ryger
Mand,80,175,67,Ryger ikke
Mand,83,183,38,Ryger
Kvinde,62,174,33,Ryger
Kvinde,62,165,22,Ryger
Mand,90,192,26,Ryger ikke
Kvinde,65,168,67,Ryger ikke
Kvinde,75,150,57,Ryger ikke
Kvinde,50,166,29,Ryger ikke
Mand,69,180,24,Ryger
Mand,69,181,24,Ryger
Kvinde,55,172,36,Ryger
Kvinde,48,150,74,Ryger
Kvinde,67,173,31,Ryger ikke
Kvinde,83,169,29,Ryger
Kvinde,99,178,29,Ryger ikke
Kvinde,70,173,22,Ryger ikke
Mand,85,187,27,Ryger ikke
Mand,58,173,67,Ryger
Kvinde,76,180,40,Ryger ikke
Mand,79,185,34,Ryger ikke
Kvinde,62,160,29,Ryger ikke
Kvinde,55,157,23,Ryger
Mand,100,183,60,Ryger ikke
Kvinde,59,172,19,Ryger ikke
Kvinde,69,152,27,Ryger
Kvinde,61,167,40,Ryger
Mand,75,174,47,Ryger
Kvinde,95,175,28,Ryger
Mand,80,191,63,Ryger
Kvinde,67,175,31,Ryger
Kvinde,54,163,43,Ryger
Mand,75,175,64,Ryger
Mand,92,185,41,Ryger
Kvinde,75,175,44,Ryger ikke
Kvinde,61.5,178,27,Ryger ikke
Kvinde,49,155,48,Ryger ikke
Mand,76,178,31,Ryger ikke
Kvinde,108,170,70,Ryger
Kvinde,58,158,46,Ryger
Kvinde,50,163,24,Ryger
Kvinde,100,165,20,Ryger
Kvinde,82,167,75,Ryger ikke
Kvinde,65,164,79,NA
Kvinde,68,165,72,Ryger
Mand,90,188,26,Ryger
Kvinde,70,173,32,Ryger ikke
Kvinde,65,159,55,Ryger
Kvinde,65,169,34,Ryger
Kvinde,52,150,70,Ryger
Kvinde,64,166,53,NA
Kvinde,70,178,25,Ryger ikke
Mand,85,178,29,Ryger ikke
Kvinde,85,176,25,Ryger ikke
Kvinde,72,167,74,Ryger ikke
Kvinde,50,161,21,Ryger
Mand,70,180,26,Ryger
Mand,89,190,32,Ryger
Kvinde,58,164,39,Ryger
Mand,80,188,47,Ryger
Mand,76,174,27,Ryger ikke
Mand,73,180,38,Ryger
Mand,78,184,27,Ryger ikke
Mand,93,168,48,Ryger ikke
Kvinde,50,163,42,Ryger
Kvinde,53,164,22,Ryger ikke
Kvinde,62,165,36,Ryger
NA,NA,NA,NA,Ryger
Mand,83,183,67,Ryger ikke
Mand,88,175,54,Ryger ikke
Kvinde,58,170,24,Ryger ikke
Kvinde,67,166,72,NA
Mand,75,176,51,Ryger ikke
Kvinde,58,168,28,Ryger
Mand,68,182,24,Ryger
Mand,74,173,33,Ryger
Mand,99,179,72,Ryger
Kvinde,57,165,36,Ryger
Kvinde,62,170,66,Ryger ikke
Kvinde,60,175,25,Ryger
Kvinde,62,156,56,Ryger
Kvinde,48,167,20,Ryger
Kvinde,63,174,35,Ryger
Kvinde,49.5,162,27,Ryger
Mand,90,168,82,Ryger ikke
Kvinde,54,162,80,NA
Mand,68,176,31,Ryger ikke
Kvinde,56,163.5,27,Ryger
Mand,72,173,26,Ryger ikke
Kvinde,58,165,22,Ryger
Mand,73,175,68,Ryger
Kvinde,56,167,29,Ryger ikke
Mand,66,174,19,Ryger
Mand,50,156,25,Ryger
Kvinde,63,169,23,Ryger ikke
Kvinde,54,164,85,Ryger ikke
Mand,87,173,72,Ryger ikke
Kvinde,54,162,30,Ryger ikke
Kvinde,69,173,24,Ryger ikke
Mand,70,170,36,Ryger ikke
Kvinde,62,168,42,Ryger
Kvinde,49,152,24,Ryger
Mand,82,171,74,Ryger ikke
Mand,55,167,88,Ryger ikke
Mand,66,180,32,Ryger
Kvinde,63,169,24,Ryger ikke
Kvinde,NA,170,74,Ryger ikke
Kvinde,63,175,24,Ryger ikke
Kvinde,93,170,34,Ryger ikke
Mand,57,167,80,Ryger ikke
Mand,88,170,32,Ryger
Mand,70,176,26,Ryger
Mand,85,177,64,Ryger ikke
Kvinde,57,165,26,Ryger ikke
Kvinde,60,175,27,Ryger
Mand,78,182,36,Ryger
Kvinde,51,150,48,Ryger
Mand,68,180,22,Ryger ikke
Kvinde,52,162,40,Ryger ikke
Mand,77,180,74,Ryger
Kvinde,72,183,20,Ryger ikke
Mand,82,172,50,Ryger ikke
Kvinde,58,165,56,Ryger
Kvinde,62,168,31,Ryger ikke
Mand,82,170,82,Ryger ikke
Kvinde,57,170,35,Ryger
Kvinde,50,162,52,Ryger
Mand,53,165,27,Ryger
Kvinde,47,152,21,Ryger ikke
Kvinde,63,163,29,Ryger ikke
Kvinde,60,158,27,Ryger ikke
Mand,NA,178,73,Ryger
Kvinde,66,176,25,Ryger
Mand,85,185,39,Ryger
Kvinde,66,166,21,Ryger ikke
Mand,94,190,39,Ryger ikke
Kvinde,65,176,51,Ryger ikke
Kvinde,57,164,31,Ryger ikke
Mand,74.5,181,27,Ryger ikke
Mand,102,187,28,Ryger ikke
Kvinde,70,173,31,Ryger
Mand,81,178,63,Ryger ikke
Mand,62,165,41,Ryger
Kvinde,110,176,36,Ryger
Mand,88,193,40,Ryger ikke
Mand,72,182,66,Ryger
Kvinde,71,168,66,Ryger ikke
Mand,70,180,26,Ryger ikke
Kvinde,62,167,29,Ryger ikke
Kvinde,59,158,44,Ryger ikke
Mand,82,191,42,Ryger
Mand,94,192,29,Ryger
Mand,62,167,29,Ryger
Kvinde,78,168,36,Ryger
Kvinde,60,162,94,Ryger ikke
Kvinde,107,163,49,Ryger ikke
Kvinde,85,165,39,Ryger
Kvinde,76,NA,54,Ryger ikke
Kvinde,73,169,52,Ryger
Mand,88,181,68,Ryger ikke
Mand,80,182,56,Ryger
Mand,75,187,24,Ryger
Kvinde,NA,160,75,Ryger ikke
Kvinde,62,176,24,Ryger
Kvinde,60,178,29,Ryger ikke
Kvinde,68,169,60,Ryger
Mand,77,179,48,Ryger
Mand,NA,178,27,Ryger ikke
Kvinde,62,177,28,Ryger ikke
Kvinde,60,160,54,Ryger ikke
Kvinde,58,160,37,Ryger
Kvinde,71,172,26,Ryger ikke
Kvinde,63,174,26,Ryger ikke
Mand,73,180,32,Ryger ikke
Mand,72,168,39,Ryger
Mand,66,169.5,27,Ryger
Mand,62,170,25,Ryger
Kvinde,67,171,75,Ryger ikke
Mand,70,173,27,Ryger
Mand,75,181,38,Ryger ikke
Mand,74,180,30,Ryger ikke
Kvinde,74,168,25,Ryger
Mand,68,178,20,Ryger ikke
Kvinde,84,166,60,Ryger
Mand,80,182,38,Ryger
Mand,82,170,80,Ryger ikke
Kvinde,70,161,18,Ryger ikke
Mand,73,180,21,Ryger ikke
Mand,75,185,39,Ryger ikke
Mand,92,194,33,Ryger ikke
Mand,90,185,53,Ryger
Mand,87.5,195,49,Ryger
Kvinde,50,168,62,Ryger
Kvinde,57,169,33,Ryger
Kvinde,56,159,24,Ryger
Mand,68,180,41,Ryger
Kvinde,75,164,27,Ryger ikke
Mand,120,189,40,Ryger ikke
Kvinde,62,165,53,Ryger ikke
Kvinde,59,177,34,Ryger
Mand,76,175,30,Ryger ikke
Mand,68,182,22,Ryger ikke
Mand,85,172,50,Ryger ikke
Mand,78,175,52,Ryger ikke
Kvinde,NA,167,32,Ryger ikke
Kvinde,95,184,27,Ryger ikke
Mand,86,184,60,Ryger
Kvinde,74,181,22,Ryger ikke
Kvinde,57,169,23,Ryger
Kvinde,53,163,83,Ryger ikke
Mand,98,183,68,Ryger ikke
Kvinde,58,164,45,Ryger
Kvinde,52,158,26,Ryger
Mand,82,182,42,Ryger ikke
Kvinde,61,159,80,Ryger ikke
Mand,53,174,75,Ryger
Mand,80,180,29,Ryger
Mand,84,170,51,Ryger
Kvinde,60,174,21,Ryger
Kvinde,86,170,61,Ryger
Mand,80,180,36,Ryger
Mand,90,178,50,Ryger ikke
Kvinde,68,167,23,Ryger ikke
Kvinde,62,175,25,Ryger ikke
Kvinde,60,173,21,Ryger ikke
Kvinde,75,NA,75,Ryger
Kvinde,50,167,30,Ryger
Kvinde,73,168,35,Ryger ikke
Mand,75,178,24,Ryger ikke
Mand,73,192,36,Ryger ikke
Mand,75,180,20,Ryger ikke
Kvinde,59,172,32,Ryger ikke
Kvinde,65,179,21,Ryger ikke
Kvinde,58,167,30,Ryger ikke
Mand,96,182,45,Ryger ikke
Kvinde,77,163,74,Ryger ikke
Kvinde,53,172,30,Ryger ikke
Mand,80,178,27,Ryger ikke
Kvinde,65,172,33,Ryger
Kvinde,53,159,NA,Ryger
Mand,82,182,49,Ryger ikke
Mand,88,NA,30,Ryger
Kvinde,63.5,170,77,Ryger
Mand,73,181,23,Ryger
Kvinde,65,160,71,Ryger ikke
Mand,75,178,26,Ryger
Kvinde,53.5,174,24,Ryger
Kvinde,63,172,23,Ryger ikke
Mand,58,168,22,Ryger
Kvinde,90,183,28,Ryger
NA,NA,NA,NA,Ryger
Mand,80,179,50,Ryger
Kvinde,58,157,85,Ryger ikke
Kvinde,72,168,23,Ryger ikke
Kvinde,68,170,30,Ryger ikke
Mand,82,183,33,Ryger
Mand,78,178,34,Ryger ikke
Mand,90,193,39,Ryger
Mand,75,187,27,Ryger ikke
Kvinde,68,167,75,Ryger ikke
Kvinde,52,160,58,Ryger ikke
Mand,72,184,23,Ryger ikke
Kvinde,55,165,25,Ryger
Mand,NA,180,36,Ryger
Kvinde,55,157,32,Ryger ikke
Kvinde,53,163,24,Ryger ikke
Kvinde,66,164,53,Ryger ikke
Kvinde,77,166,53,Ryger
Kvinde,58,170,33,Ryger
Mand,80,177,54,Ryger
Kvinde,57,160,40,Ryger ikke
Kvinde,57,160,34,Ryger
Kvinde,56,166,32,Ryger ikke
Kvinde,NA,NA,42,Ryger
Kvinde,60,168,47,Ryger ikke
Kvinde,65,168,40,Ryger ikke
Mand,80,176,39,Ryger ikke
Mand,80,189,21,Ryger ikke
Kvinde,55,162,54,Ryger ikke
Mand,62,179,21,Ryger
Kvinde,52,157,83,Ryger ikke
Kvinde,74,158,60,Ryger ikke
Kvinde,58,165,22,Ryger
Kvinde,55,159.5,37,Ryger
Mand,89,185,22,Ryger
Mand,85,184,26,Ryger
Mand,63,169,24,Ryger ikke
Kvinde,84,168,73,Ryger ikke
Kvinde,61,172,21,Ryger ikke
Mand,88,187,30,Ryger ikke
Kvinde,62,168,45,Ryger
Kvinde,51,156,56,Ryger ikke
Mand,100,176,51,Ryger ikke
Kvinde,65,177,25,Ryger ikke
Mand,55,172,37,Ryger
Kvinde,52,167,83,Ryger ikke
Mand,86,189,39,Ryger ikke
Kvinde,56,167,55,Ryger ikke
Kvinde,72,182,25,Ryger
Kvinde,57,169,44,Ryger
Kvinde,48,165,22,Ryger
Mand,82,184,30,Ryger ikke
Kvinde,55,NA,19,Ryger
Kvinde,70,174,29,Ryger
Kvinde,NA,170,NA,Ryger ikke
Kvinde,67,160,79,Ryger ikke
Kvinde,77,170,76,Ryger ikke
Kvinde,62,160,30,Ryger ikke
Kvinde,57,165,18,Ryger
Mand,64,182,27,Ryger ikke
Mand,73,183,24,Ryger ikke
Kvinde,60,164,33,Ryger ikke
Kvinde,65,165,40,Ryger
Kvinde,57,160,31,Ryger
Mand,81,182,29,Ryger
Kvinde,57,174,29,Ryger ikke
Kvinde,62,175,24,Ryger
Mand,80,175,85,Ryger
Mand,92,180,51,Ryger ikke
Mand,75,184,25,Ryger
Mand,76,182,39,NA
Kvinde,63,156,45,Ryger
Kvinde,60,168,23,Ryger ikke
Mand,105,186,45,NA
Kvinde,54,165,25,Ryger
Kvinde,52,167,32,Ryger
Kvinde,75,168,53,Ryger ikke
Kvinde,59,168,36,Ryger
Kvinde,55,164,25,Ryger ikke
Kvinde,65,170,30,Ryger
Mand,94,190,24,Ryger ikke
Mand,85,191,49,Ryger ikke
Mand,65,176,39,Ryger
Kvinde,60,158,49,Ryger ikke
Kvinde,46,158,34,Ryger ikke
Mand,73,175,35,Ryger ikke
Mand,65,178,23,Ryger
Mand,100,182,33,Ryger
Kvinde,73,172,22,Ryger ikke
Kvinde,74,174,52,Ryger
Kvinde,56,168,29,Ryger
Kvinde,80,172,58,NA
Kvinde,60,173,21,Ryger ikke
Mand,90,189,30,Ryger ikke
Kvinde,51,NA,27,Ryger ikke
Kvinde,68,167,46,Ryger
Mand,72,174,39,Ryger
Mand,75,183,25,Ryger ikke
Mand,76,175,26,Ryger ikke
Kvinde,68,178,23,Ryger
Kvinde,76,180,40,Ryger
Mand,80,188,27,Ryger
Kvinde,79,163,23,Ryger ikke
Kvinde,58,156,65,Ryger ikke
Mand,70,170,83,Ryger
Kvinde,73,168,34,Ryger
Kvinde,71,171,25,Ryger ikke
Kvinde,62,168,45,Ryger ikke
Kvinde,60,170,20,Ryger ikke
Mand,85,190,25,Ryger
Mand,73,174,46,Ryger
Kvinde,70,160,61,NA
Kvinde,55,155,25,Ryger ikke
Kvinde,56.5,162,25,Ryger ikke
Kvinde,84,169,42,Ryger
Mand,107,172,49,Ryger
Kvinde,55.5,176,30,Ryger
Kvinde,72,169,NA,Ryger
Kvinde,80,178,44,Ryger ikke
Mand,77,172,73,Ryger
Kvinde,48,155,48,Ryger ikke
Kvinde,61,168,50,Ryger
Mand,105,192,26,Ryger ikke
Kvinde,54,166,27,Ryger
Kvinde,71,173,24,Ryger
Kvinde,57,164,21,Ryger ikke
Mand,78,182,40,NA
Mand,61,184,45,Ryger
Kvinde,66,165,68,Ryger
Mand,80,180,24,Ryger ikke
Kvinde,60,172,25,Ryger
Kvinde,65,177,31,Ryger
Mand,98,182,56,Ryger
Kvinde,58,163,45,Ryger
Mand,88,185,27,Ryger ikke
Kvinde,49,165,70,Ryger
Mand,85,180,80,Ryger ikke
Kvinde,74,165,70,Ryger ikke
Kvinde,48,162,25,Ryger
Mand,95,192,56,Ryger
Kvinde,70,161,63,NA
Kvinde,63,167,44,Ryger ikke
Kvinde,55,171,30,Ryger ikke
Mand,80,169,70,Ryger
Kvinde,100,170,66,Ryger
Kvinde,65,169,21,Ryger ikke
Mand,90,187,20,Ryger
Kvinde,70,168,34,Ryger ikke
Kvinde,80,164,31,Ryger
Mand,70,180,20,Ryger
Kvinde,53,155,51,Ryger
Mand,88,187,31,Ryger
Mand,80,176,37,Ryger
Kvinde,61,173,24,Ryger
Kvinde,58,166,48,Ryger
Mand,84,180,29,Ryger
Mand,62,175,22,Ryger
Kvinde,67,166,89,Ryger ikke
Kvinde,73,153,50,Ryger
Kvinde,67,160,60,Ryger ikke
Kvinde,65,171,47,Ryger
Kvinde,52,169,35,Ryger
Kvinde,65,155,21,Ryger ikke
Kvinde,65,155,42,Ryger ikke
Kvinde,63,176,35,Ryger ikke
Mand,75,165,32,Ryger
Kvinde,NA,NA,38,Ryger
Kvinde,80,165,70,Ryger ikke
Kvinde,74,174,32,Ryger
Kvinde,NA,NA,88,Ryger ikke
Kvinde,58,179,24,Ryger
Mand,70,173,27,Ryger ikke
Kvinde,68,174,41,Ryger ikke
Mand,65,174,23,Ryger
Mand,66,178,29,Ryger
Mand,87,180,81,Ryger ikke
Kvinde,66,174,36,Ryger
Mand,90,192,27,Ryger ikke
Mand,70,178,38,Ryger ikke
Kvinde,NA,162,90,Ryger ikke
Mand,NA,NA,63,Ryger ikke
Mand,NA,187,19,Ryger ikke
Mand,108,180,38,Ryger ikke
Kvinde,68,165,19,Ryger
NA,NA,NA,NA,Ryger ikke
Kvinde,42,157,25,Ryger ikke
Kvinde,70,168,31,Ryger ikke
Mand,70,172,34,Ryger ikke
Kvinde,68,168,23,Ryger
Mand,100,180,75,Ryger
Kvinde,70,165,27,Ryger ikke
Kvinde,83,165,35,Ryger ikke
Mand,70,172,70,Ryger
Kvinde,63,164,25,Ryger ikke
Kvinde,72,156,82,Ryger ikke
Kvinde,58,168,24,Ryger ikke
Mand,80,184,29,Ryger
Kvinde,65,156,77,Ryger ikke
Kvinde,73,172,29,Ryger
Mand,73,174,49,Ryger ikke
Kvinde,62,168,54,Ryger ikke
Mand,74,179,22,Ryger
Mand,72,177,26,Ryger ikke
Kvinde,NA,NA,72,Ryger
Kvinde,72,176,27,Ryger
Kvinde,68,180,24,Ryger ikke
Mand,101,197,28,Ryger ikke
Kvinde,60,161,40,Ryger ikke
Mand,75,182,28,Ryger ikke
Kvinde,67,165,52,Ryger ikke
Mand,101,197,29,Ryger
Kvinde,64,180,23,Ryger ikke
Mand,76,175,50,Ryger
Kvinde,60,170,49,Ryger ikke
Mand,88,189,21,Ryger
Mand,91,160,75,Ryger ikke
Kvinde,75,170,68,NA
Kvinde,56,163,77,Ryger
Kvinde,82,168,57,Ryger ikke
NA,NA,NA,NA,NA
Mand,90,180,NA,Ryger ikke
Mand,NA,180,18,Ryger ikke
Kvinde,58,168,26,Ryger
Kvinde,50,163,45,Ryger
NA,NA,NA,79,Ryger
Mand,77,NA,27,Ryger
NA,NA,NA,NA,Ryger ikke
Kvinde,70,165,44,Ryger ikke
Mand,89,170,78,Ryger ikke
NA,NA,NA,NA,NA
Kvinde,67,176,22,Ryger ikke
NA,NA,NA,NA,NA
Mand,81,181,42,Ryger ikke
Kvinde,60,165,53,Ryger ikke
Mand,69,176,33,Ryger ikke
Kvinde,72,171,NA,Ryger
Kvinde,83,172,77,Ryger ikke
Mand,81,185,35,Ryger
Kvinde,53.2,159,41,Ryger
Mand,98,172,45,Ryger
Kvinde,60,168,20,Ryger ikke
Kvinde,80,168,29,Ryger ikke
Kvinde,68,154,71,Ryger
Mand,65,179,45,Ryger ikke
Kvinde,52,172,48,Ryger ikke
Kvinde,50,173,21,Ryger
Kvinde,54,164,22,Ryger
Mand,63,172,39,Ryger ikke
Mand,120,190,35,Ryger
Mand,85,176,25,Ryger ikke
Kvinde,NA,NA,83,Ryger
Mand,85,168,60,Ryger
Kvinde,57,159,34,Ryger ikke
Mand,85,193,51,Ryger ikke
Mand,80,173,39,Ryger ikke
Mand,74,180,45,Ryger ikke
Mand,94,174,58,Ryger ikke
Kvinde,70,163,75,Ryger ikke
Kvinde,54,162,63,Ryger
Mand,79,176,58,Ryger
Kvinde,60,167,49,Ryger
Mand,70,168,80,Ryger ikke
Mand,90,188,32,Ryger ikke
Mand,90,182,30,Ryger ikke
Kvinde,70,180,57,Ryger
Kvinde,69,178,29,Ryger
Mand,74,173,23,Ryger
Mand,98,180,34,Ryger
Mand,86,179,36,Ryger ikke
Kvinde,67,167,57,Ryger ikke
Kvinde,83,166,53,Ryger
Kvinde,52,160,67,Ryger
Mand,67,180,33,Ryger ikke
Kvinde,75,167,27,Ryger ikke
Kvinde,53,168,32,Ryger
Mand,74,172,89,Ryger ikke
Mand,80,183,77,Ryger ikke
Kvinde,67,166,59,Ryger
Kvinde,52,164,54,Ryger
Kvinde,65,143,66,Ryger
Mand,70,167,71,Ryger ikke
NA,NA,NA,NA,NA
Mand,75,168,79,Ryger
Mand,93,189,41,Ryger ikke
Mand,64,174,43,Ryger
Mand,64,174,43,Ryger
Kvinde,77,169,25,Ryger ikke
Kvinde,53,155,47,Ryger ikke
Mand,125,207,25,Ryger
Mand,51,170,32,Ryger
Mand,81,182,50,Ryger
Mand,90,203,33,Ryger
Kvinde,76,160,69,Ryger ikke
Mand,77,178,36,Ryger
Kvinde,65,165,84,NA
Mand,80,183,33,Ryger ikke
Mand,94,172,27,Ryger ikke
Kvinde,74,156,73,Ryger ikke
Mand,94,165,60,Ryger
Mand,77,165,71,Ryger
Kvinde,56.5,159,36,Ryger ikke
Mand,75,179,30,Ryger ikke
Kvinde,65,163,37,Ryger ikke
Kvinde,72,157,62,Ryger
Kvinde,53,170,22,Ryger
Kvinde,55,173,59,Ryger
Kvinde,48,154,19,Ryger
Mand,70,170,38,Ryger
Mand,80,175,49,Ryger
Kvinde,70,172,30,Ryger
Mand,74,178,38,Ryger ikke
Mand,58,NA,83,Ryger ikke
Mand,62,169,26,Ryger
Kvinde,63,173,29,Ryger
Kvinde,58,165,28,Ryger ikke
Kvinde,61,167,68,Ryger
Kvinde,56,168,23,Ryger ikke
NA,NA,NA,NA,Ryger ikke
Mand,73,176,29,Ryger ikke
Kvinde,62,163,43,Ryger ikke
Kvinde,60,178,44,Ryger ikke
Kvinde,71,168,24,Ryger ikke
Kvinde,62,NA,18,Ryger ikke
Kvinde,68,171.5,30,Ryger
NA,NA,NA,NA,Ryger ikke
Mand,84,179,43,Ryger ikke
Kvinde,52,160,18,Ryger
Kvinde,67,160,55,Ryger ikke
Mand,NA,171,91,Ryger ikke
Kvinde,52,177,63,NA
Mand,86,NA,85,NA
Kvinde,64,173,60,Ryger
Mand,86,180,NA,Ryger
Kvinde,90,175,NA,Ryger
Mand,70,180,47,Ryger ikke
Kvinde,NA,NA,24,Ryger
Kvinde,63,170,29,Ryger
Mand,72,176,51,Ryger ikke
Kvinde,50,160,20,Ryger
Mand,95,180,38,Ryger
Mand,69.5,175,38,Ryger
Mand,73,172,62,NA
Mand,71,175,44,Ryger
Mand,76,180,32,Ryger ikke
Kvinde,62,162,61,Ryger
Mand,63,167,81,Ryger
Mand,63,172,32,Ryger
Mand,77,180,64,Ryger
Kvinde,75,163,76,Ryger
Mand,79,186,40,Ryger
Mand,106,186,47,Ryger
Mand,85,167,42,Ryger ikke
Mand,92,184,31,Ryger ikke
Kvinde,60,160,65,Ryger ikke
Kvinde,103,175,47,Ryger
Mand,80,174,79,Ryger ikke
Mand,70,164,57,Ryger
Kvinde,52,158,39,Ryger
Mand,65,174,49,Ryger
Kvinde,61,160,75,Ryger
Mand,65,175,44,Ryger
Mand,72,178,43,Ryger ikke
Mand,84,173,51,Ryger ikke
Mand,79,177,59,Ryger ikke
Kvinde,72,165,80,Ryger ikke
Mand,79,175,52,Ryger
Kvinde,74,170,76,Ryger ikke
Kvinde,100,NA,63,Ryger ikke
Kvinde,62,172,32,Ryger ikke
Kvinde,72,172,27,Ryger ikke
Mand,60,173,65,Ryger
Kvinde,68,162,70,Ryger
Mand,72,186,47,Ryger ikke
Mand,75,180,27,Ryger
Mand,72,NA,24,Ryger ikke
Mand,72,170,37,Ryger
Mand,78,175,65,Ryger
Kvinde,65,186,53,Ryger
NA,NA,NA,NA,Ryger ikke
Kvinde,52,160,36,Ryger
Kvinde,70,174,66,Ryger
Kvinde,62,175,28,Ryger
Kvinde,60,160,75,Ryger
Mand,82,175,66,Ryger
Mand,106,186,47,Ryger
Mand,103,188,34,Ryger ikke
Mand,90,176,82,NA
Mand,70,176,26,Ryger
Mand,67,185,60,Ryger
Mand,88,186,29,Ryger
Mand,62,178,40,Ryger
Mand,78,178,39,Ryger
Mand,80,186,47,Ryger
Mand,88,170,41,Ryger
Kvinde,42,158,78,Ryger
Mand,82,168,63,NA
Kvinde,55,160,24,Ryger ikke
Mand,63,175,26,Ryger ikke
Mand,79,176,31,Ryger
Mand,68,175,48,Ryger ikke
Kvinde,57,176,19,Ryger ikke
Mand,75,177,35,Ryger ikke
Mand,92,176,62,Ryger ikke
Mand,86,171,64,Ryger
Mand,89,175,65,Ryger ikke
Mand,76,183,29,Ryger ikke
Kvinde,75,NA,54,Ryger
Mand,80,NA,76,Ryger
Kvinde,50,157,80,Ryger ikke
Mand,125,174,53,Ryger ikke
Kvinde,80,161,77,Ryger ikke
Kvinde,57,149,27,Ryger
Kvinde,60,168,50,Ryger ikke
Kvinde,76,NA,77,Ryger ikke
Mand,75,170,55,Ryger ikke
Kvinde,51,156,20,Ryger ikke
Mand,125,180,48,Ryger
Mand,92,180,75,Ryger
Mand,75,190,35,Ryger
Mand,90,190,21,Ryger ikke
Kvinde,95,171,32,Ryger ikke
Mand,60,167,46,Ryger
Kvinde,95,163,51,Ryger ikke
Kvinde,80,165,78,Ryger ikke
Mand,72,177,24,Ryger ikke
Kvinde,65.5,173,34,Ryger
Mand,67,178,45,Ryger ikke
Mand,79,178,34,Ryger ikke
Kvinde,55,150,48,Ryger ikke
NA,63,182,28,Ryger
Kvinde,50,NA,88,NA
Mand,NA,172,83,Ryger ikke
Kvinde,60,162,72,Ryger ikke
Mand,63,178,52,Ryger
Mand,76,177,27,Ryger ikke
Mand,NA,188,80,Ryger
Kvinde,55,156,64,Ryger
Kvinde,69,179,32,Ryger
Kvinde,78,178,52,Ryger ikke
Mand,100,194,29,Ryger
Mand,75,182,54,Ryger
Kvinde,60,172,76,Ryger ikke
Kvinde,70,170,28,Ryger ikke
Kvinde,60,178,30,Ryger
Kvinde,44,150,21,Ryger ikke
Kvinde,77,172,23,Ryger ikke
Mand,118,182,61,Ryger
Mand,75,178,58,Ryger
Mand,81,196,31,Ryger ikke
Kvinde,90,173,69,Ryger ikke
Kvinde,59,163,24,Ryger
Mand,80,178,72,Ryger
Kvinde,69,164,77,Ryger ikke
Kvinde,67,167,38,Ryger
Kvinde,75,180,71,Ryger
Kvinde,92,180,56,Ryger
Mand,80,182,45,Ryger ikke
Kvinde,61,162,35,Ryger
Mand,74,180,27,Ryger
Mand,82,165,46,Ryger ikke
Kvinde,58,177,24,Ryger
Mand,102,190,42,Ryger ikke
Mand,75,177,35,Ryger
Mand,72,175,52,Ryger ikke
Mand,80,175,21,Ryger ikke
NA,NA,NA,NA,NA
Kvinde,60,168,29,Ryger
Kvinde,105,170,40,Ryger
Mand,65,175,24,Ryger
Mand,80,172,27,Ryger
Kvinde,70,160,77,Ryger
Mand,100,182,76,Ryger ikke
Kvinde,71,164,66,Ryger ikke
Mand,61,182,23,Ryger
Mand,72,180,25,Ryger ikke
Mand,72,172,57,Ryger ikke
Mand,72,179,67,Ryger
Mand,78,172,46,Ryger ikke
Kvinde,56,165,25,Ryger ikke
Kvinde,54,158,80,NA
Mand,75,170,39,Ryger
Kvinde,57.5,172,25,Ryger ikke
Mand,58,165,31,Ryger
Mand,140,NA,26,Ryger ikke
Kvinde,95,178,30,Ryger
Mand,66,170,41,Ryger ikke
Mand,65,172,21,Ryger ikke
Kvinde,48,167,49,Ryger ikke
Kvinde,55,156,67,Ryger
Mand,97,182,71,Ryger ikke
Kvinde,53,156,61,Ryger
Mand,50,166,75,Ryger ikke
Mand,69,171,38,Ryger ikke
Kvinde,90,172,34,Ryger
Kvinde,NA,151,34,Ryger ikke
Mand,83,NA,61,Ryger ikke
Mand,83,187,23,Ryger ikke
Mand,63,180,28,Ryger
Mand,73,173,51,Ryger ikke
Kvinde,76,172,61,Ryger
Kvinde,50,160,88,Ryger
Mand,65,171,79,Ryger
Kvinde,61,168,53,Ryger ikke
Kvinde,51,172,19,Ryger ikke
Kvinde,53,150,48,Ryger ikke
Mand,100,190,27,Ryger ikke
Kvinde,70,170,46,Ryger
Kvinde,51.5,165,22,Ryger
Mand,60,180,34,Ryger ikke
Kvinde,62,178,21,Ryger ikke
Mand,NA,174,53,Ryger ikke
Mand,72,179,29,Ryger ikke
Mand,78,174,32,Ryger
Kvinde,54,162,23,Ryger
Kvinde,63,167,35,Ryger
NA,NA,NA,NA,Ryger ikke
Mand,67,181,27,Ryger ikke
NA,NA,NA,NA,Ryger ikke
Kvinde,58,174,29,Ryger
Mand,67,183,22,Ryger ikke
Kvinde,63,172,28,Ryger
Mand,72,NA,79,Ryger ikke
Mand,85,184,30,Ryger ikke
Mand,75,192,31,Ryger
Kvinde,60,158,52,Ryger ikke
Mand,75,185,29,Ryger
Mand,82,182,27,Ryger ikke
Kvinde,61,159,76,NA
Kvinde,58,164,48,Ryger
Kvinde,57,160,45,Ryger
Kvinde,70,152,86,Ryger ikke
Kvinde,54,165,30,Ryger ikke
Kvinde,50,152,86,Ryger ikke
Kvinde,60,171,53,Ryger
Mand,85,188,23,Ryger ikke
Mand,80,182,49,Ryger
Kvinde,78,168,20,Ryger
Mand,88,187,40,Ryger
Kvinde,61,168,25,Ryger
Mand,88,183,48,Ryger ikke
Mand,90,181,55,Ryger
Kvinde,53,170,20,Ryger
Kvinde,53,160,91,Ryger
Kvinde,54,160,49,Ryger
Kvinde,50,162,41,Ryger
Kvinde,89,172,65,Ryger ikke
Mand,88,189,51,Ryger
Kvinde,47.5,173,19,Ryger
Kvinde,50,167,36,Ryger
Kvinde,80,168,77,Ryger ikke
Kvinde,60,168,24,Ryger ikke
Kvinde,67,163,43,NA
Mand,65,169,80,Ryger
Kvinde,86,164,39,Ryger
Mand,69.45,165,46,Ryger
Kvinde,65,180,25,Ryger
Kvinde,74,173,70,Ryger
Kvinde,59,170,29,Ryger
Mand,80,186,21,Ryger
Mand,77,177,72,Ryger ikke
Kvinde,72,181,25,Ryger
Mand,89,190,73,NA
Mand,90,184,31,Ryger
Mand,61,168,84,Ryger
Mand,86,185,24,Ryger ikke
Kvinde,50.5,163,20,Ryger ikke
Mand,110,187,41,Ryger
Mand,70,172,21,Ryger ikke
Kvinde,64,167,29,Ryger
Mand,80,182,33,Ryger ikke
Kvinde,58,164,50,Ryger ikke
Kvinde,52,178,21,Ryger ikke
Mand,84,180,39,Ryger ikke
Mand,90,172,51,NA
Kvinde,59,162,27,Ryger
Mand,75,180,24,Ryger
Mand,76,179,25,Ryger
Kvinde,55,168,25,Ryger ikke
Kvinde,54,161,21,Ryger
Kvinde,76,165,30,Ryger ikke
Kvinde,55,168,31,Ryger
NA,NA,NA,NA,Ryger ikke
Kvinde,56,160,54,Ryger ikke
Kvinde,55,167,36,Ryger
Kvinde,63,169,20,Ryger
Kvinde,75,172,29,Ryger ikke
Kvinde,57,160,23,Ryger ikke
Kvinde,50,160,83,Ryger ikke
Kvinde,75,171,27,Ryger ikke
Kvinde,60,160,64,Ryger
Kvinde,58,164,44,Ryger ikke
Kvinde,68,170,80,Ryger ikke
Mand,95,191,52,Ryger ikke
Kvinde,75,171,35,Ryger
Mand,82,182,40,Ryger ikke
Kvinde,58,165,27,Ryger
Mand,87,193,25,Ryger ikke
Kvinde,73,165,49,Ryger
Mand,85,176,43,Ryger
Mand,85,171,69,Ryger
Kvinde,72,162,64,Ryger
Kvinde,60,163,26,Ryger
Kvinde,63,162,47,Ryger ikke
Mand,95,192,43,Ryger ikke
Kvinde,54,171,24,Ryger ikke
Kvinde,58,163,81,Ryger
Kvinde,80,164,75,Ryger ikke
Kvinde,52.5,160,86,Ryger ikke
Kvinde,53,161,32,Ryger ikke
Mand,72,184,46,Ryger ikke
Mand,53,164,21,Ryger ikke
Mand,70,174,28,Ryger
Mand,94,183,36,Ryger ikke
Mand,76,170,73,Ryger
Mand,62,180,53,Ryger
Mand,72,175,22,Ryger ikke
Kvinde,54,170,27,Ryger
Mand,80,180,22,Ryger
Kvinde,65,168,25,Ryger
Mand,108,179,60,Ryger
Kvinde,60,159,71,Ryger
Mand,90,180,24,Ryger ikke
Mand,87,178,65,Ryger ikke
Kvinde,70,182,27,Ryger ikke
Mand,80,187,27,Ryger ikke
Kvinde,60,170,18,Ryger
Mand,56,166,75,Ryger
Kvinde,77,156,20,Ryger
Mand,90,191,33,Ryger ikke
Mand,90,180,75,Ryger
Mand,81,178,28,Ryger ikke
Kvinde,70,162,27,Ryger ikke
Kvinde,60,175,31,Ryger ikke
Mand,77,174,34,Ryger ikke
Mand,83,185,35,Ryger
Kvinde,85,154,63,Ryger ikke
Kvinde,62,155,48,Ryger ikke
Mand,70,175,29,Ryger ikke
Mand,69,172,60,Ryger ikke
Kvinde,67,NA,29,Ryger ikke
Mand,105,190,37,Ryger
Mand,100,193,30,Ryger
Kvinde,73,155,35,Ryger ikke
Kvinde,70,150,71,Ryger
Kvinde,49,160,27,Ryger
Mand,80,179,50,Ryger ikke
Kvinde,58,166,58,Ryger
Mand,83,179,24,Ryger ikke
Kvinde,55,164,25,Ryger ikke
Mand,77,187,23,Ryger
Mand,64,159,60,Ryger ikke
Mand,82,180,27,Ryger ikke
Kvinde,65,163,56,Ryger ikke
Kvinde,68,169,30,Ryger
Mand,88,191,25,Ryger
Kvinde,51,156,20,Ryger
Mand,75,186,33,Ryger
Kvinde,63,167,41,Ryger ikke
Kvinde,52,162,45,Ryger
Kvinde,82,172,72,Ryger ikke
Mand,80,176,41,Ryger
Mand,98,186,30,Ryger
Kvinde,55,154,81,Ryger
Kvinde,63,170,39,Ryger
Kvinde,57,160,35,Ryger ikke
Kvinde,55,171,36,Ryger
Mand,79,185,30,Ryger ikke
Kvinde,63,174,30,Ryger
Mand,85,183,27,Ryger
Kvinde,65,NA,42,Ryger
Kvinde,57,160,26,Ryger
Kvinde,59,NA,23,Ryger
Mand,80,174,85,Ryger
Mand,68,NA,40,Ryger ikke
Kvinde,60,162,34,Ryger
Mand,84,176,29,Ryger
Mand,75,185,27,Ryger ikke
Mand,64,180,45,Ryger
Mand,80,180,31,Ryger
Kvinde,55,168,75,Ryger ikke
Mand,98,190,44,Ryger
Mand,85,184,70,Ryger
Kvinde,52,160,27,Ryger
Mand,84,194,25,Ryger
Kvinde,70,165,35,Ryger ikke
Mand,64,182,38,Ryger
Mand,72,170,83,Ryger
Kvinde,50,171,39,Ryger
Mand,61,163,64,Ryger ikke
Mand,63,181,34,Ryger
Mand,75,179,26,Ryger
Mand,80,185,35,Ryger
Mand,74,180,55,Ryger
Mand,81,180,23,Ryger ikke
NA,NA,NA,NA,Ryger ikke
Mand,67,173,63,Ryger
Mand,72,169,70,Ryger ikke
Kvinde,69,174,53,Ryger
Kvinde,75,160,78,Ryger ikke
Mand,89,185,39,Ryger ikke
Mand,70,173,77,Ryger ikke
Kvinde,65,165,44,Ryger ikke
Kvinde,63,174,25,Ryger ikke
Mand,73,183,26,Ryger ikke
Mand,73,188,28,Ryger ikke
Mand,99,196,53,Ryger ikke
Mand,70,174,37,Ryger
Mand,82,180,49,Ryger ikke
Kvinde,67,169,29,Ryger ikke
Kvinde,75,172,47,Ryger
Kvinde,69,167,72,Ryger
Kvinde,60,167,87,Ryger
Mand,90,182,73,Ryger ikke
Mand,75,188,29,Ryger ikke
Mand,92,173,22,Ryger
Mand,85,185,63,Ryger ikke
Kvinde,55,160,50,Ryger
Kvinde,65,158,39,Ryger
Kvinde,51,158,76,Ryger
Kvinde,63,150,NA,Ryger
Kvinde,75,172,39,Ryger
Kvinde,65,172,48,Ryger ikke
Mand,105,183,45,Ryger
Kvinde,70,168,48,Ryger ikke
Kvinde,66,168,44,Ryger ikke
Kvinde,60,177,60,Ryger ikke
Kvinde,50,170,81,Ryger ikke
Mand,74,170,63,Ryger
Kvinde,72,175,21,Ryger
Mand,68,174,85,Ryger ikke
Kvinde,70,167,75,Ryger
Mand,88,187,32,Ryger
Kvinde,70,167,75,Ryger
Kvinde,57,165,80,Ryger
Kvinde,55,167,38,Ryger ikke
Kvinde,69,160,24,Ryger
Mand,80,165,33,Ryger
Kvinde,84,160,67,Ryger
Kvinde,65,170,77,Ryger
Mand,87,186,29,Ryger
Mand,85,180,57,Ryger ikke
Kvinde,53,163,42,Ryger
Kvinde,65,155,55,Ryger ikke
Mand,69,164,45,Ryger
Kvinde,55,162,80,NA
Kvinde,53,167,21,Ryger
Kvinde,60,160,79,Ryger
Kvinde,75,175,66,Ryger ikke
Kvinde,64,165,38,NA
Kvinde,60,167.5,30,Ryger
Mand,80,167,41,Ryger
Kvinde,57,160,71,Ryger ikke
Kvinde,68,165,56,Ryger
Mand,60,183,31,Ryger
Kvinde,96,163,37,NA
Kvinde,55,167,69,Ryger ikke
Kvinde,70,174,43,Ryger
Kvinde,60,157,87,Ryger ikke
Mand,75,NA,35,Ryger ikke
Kvinde,64,169,24,Ryger
Kvinde,57,163.5,28,Ryger
Kvinde,63,162,46,Ryger ikke
Mand,61,172,27,Ryger
Mand,70,171,27,Ryger ikke
Mand,99,195,42,Ryger
Kvinde,49,163,50,Ryger
Kvinde,62,169,32,Ryger ikke
Kvinde,70,167,72,Ryger ikke
Mand,70,178,47,Ryger
Mand,89,190,59,Ryger
Kvinde,48,158,39,Ryger
Mand,82,186,46,Ryger
Kvinde,63,165,37,Ryger
Mand,77,170,43,Ryger
Mand,84,179,41,Ryger
Mand,73,182,35,Ryger
Mand,94,193,27,Ryger
Mand,74,175,67,Ryger ikke
Kvinde,54,158,26,Ryger ikke
Kvinde,70,176,73,Ryger
Kvinde,64,172,20,Ryger
Mand,90,186,27,Ryger ikke
Mand,78,178,52,Ryger
Mand,68,179,26,Ryger
Kvinde,53,156,84,Ryger ikke
Kvinde,46,160,22,Ryger
Kvinde,62,171,32,Ryger ikke
Mand,70,170,28,Ryger
Kvinde,69,158,50,Ryger ikke
Kvinde,55,165,85,Ryger ikke
Mand,82,181,43,Ryger ikke
Mand,65,181,22,Ryger ikke
Kvinde,67,168,37,Ryger ikke
Kvinde,60,169,25,Ryger
Mand,85,172,41,Ryger ikke
Kvinde,55,145,65,Ryger ikke
Mand,52,170,82,Ryger
Mand,94,173,43,Ryger ikke
Kvinde,65,162,38,Ryger ikke
Kvinde,70,175,28,Ryger
Mand,75,181,70,Ryger
Kvinde,58,163,32,Ryger ikke
Mand,79,177,43,Ryger
Kvinde,48,165,27,Ryger
Kvinde,60,161,40,Ryger
Kvinde,77,167,39,Ryger
Kvinde,70,172,45,Ryger
Mand,80,182,27,Ryger ikke
Kvinde,70,180,33,Ryger
Mand,60,165,72,Ryger
Mand,65,180,29,Ryger
Mand,65,172,75,Ryger ikke
Mand,70,180,24,Ryger
Kvinde,60,164,40,Ryger ikke
Mand,65,176,48,Ryger ikke
Mand,81,172,66,Ryger
Kvinde,75,175,21,Ryger
Mand,80,186,21,Ryger ikke
Kvinde,60,167,42,Ryger ikke
Kvinde,56,159,47,Ryger ikke
Kvinde,65,165,30,Ryger ikke
Mand,77,180,32,Ryger ikke
Mand,78,180,31,Ryger ikke
Kvinde,72,165,44,Ryger ikke
Kvinde,69,172,55,Ryger ikke
Mand,85,176,22,Ryger
Kvinde,57,160,40,Ryger
Mand,73,185,27,Ryger ikke
Kvinde,66,168,22,Ryger ikke
Mand,94,186,26,Ryger ikke
Mand,70,168,35,Ryger ikke
Kvinde,75,162,38,Ryger
Kvinde,51,165,23,Ryger ikke
Kvinde,65,167,55,Ryger
Mand,75,186,36,Ryger
Mand,70,169,59,Ryger ikke
Kvinde,65,160,69,Ryger
Mand,77,183,30,Ryger ikke
Mand,91,183,53,Ryger ikke
Mand,84,187,27,Ryger ikke
Mand,64,169,29,Ryger
Kvinde,50,164,24,Ryger
Mand,80,172,43,Ryger
Mand,70,180,32,Ryger ikke
Kvinde,67,167,20,Ryger ikke
Kvinde,59,166,18,Ryger
Kvinde,59,158,27,Ryger
Kvinde,53,161,23,Ryger ikke
Mand,68,188,26,Ryger
Kvinde,60,165,35,Ryger ikke
Mand,90,188,29,Ryger ikke
Kvinde,100,170,49,Ryger ikke
NA,NA,NA,NA,Ryger
Mand,55,162,40,Ryger ikke
Kvinde,57.5,161,18,Ryger ikke
Mand,70,186,34,Ryger ikke
Mand,64,176,60,Ryger
Mand,135,184,51,Ryger ikke
Mand,77,180,41,Ryger
Mand,78,193,27,Ryger
Kvinde,65,177,26,Ryger
Kvinde,83,167,68,Ryger
Mand,65,174,21,Ryger ikke
Mand,75,175,26,Ryger
Mand,103,167,83,Ryger
Mand,141,187,24,Ryger ikke
Kvinde,68,164,75,Ryger ikke
Kvinde,50,160,91,Ryger
Mand,128,170,55,Ryger ikke
Mand,78,171,64,Ryger ikke
Mand,82,178,24,Ryger ikke
Kvinde,80,180,24,Ryger ikke
Kvinde,65,173,34,Ryger ikke
Kvinde,NA,154,50,Ryger
Kvinde,72,175,25,Ryger
Kvinde,70,160,72,Ryger
Mand,90,186,53,Ryger
Mand,91,185,23,Ryger ikke
Kvinde,61,163,30,Ryger ikke
Mand,74,183,24,Ryger ikke
Mand,90,NA,52,Ryger
Kvinde,55,165,29,Ryger
Kvinde,66,164,73,Ryger
Kvinde,NA,160,37,Ryger
Mand,71,177,24,Ryger
Mand,65,180,30,Ryger ikke
Mand,86,181,53,Ryger ikke
Mand,90,180,65,Ryger
Mand,91,180,51,Ryger
Mand,69,185,25,Ryger
Mand,104,177,49,Ryger
Kvinde,112,168,60,Ryger ikke
Kvinde,50,160,42,Ryger
Mand,60,170,47,Ryger
Kvinde,49,168,28,Ryger ikke
Kvinde,60,163,62,Ryger
Mand,82,180,20,Ryger
Mand,95,188,32,Ryger ikke
Mand,72,170,26,Ryger
Mand,75,178,33,Ryger
Kvinde,61,169,26,Ryger ikke
Kvinde,58,152,88,Ryger ikke
Mand,78,171,40,Ryger
Kvinde,65,170,51,Ryger ikke
Kvinde,55,174,24,Ryger
Kvinde,45.5,155,84,Ryger
Mand,84,175,25,Ryger
Kvinde,67,165,64,Ryger ikke
Mand,80,184,53,Ryger
Kvinde,51,157,25,Ryger ikke
Kvinde,56,166,23,Ryger
Kvinde,55,168,53,Ryger ikke
Kvinde,65,172,48,Ryger
Kvinde,58,170,28,Ryger
Mand,78,170,57,Ryger
Kvinde,62,168,33,Ryger
NA,NA,NA,NA,Ryger
Mand,85,181,50,Ryger ikke
Kvinde,47,155,45,Ryger
Kvinde,61,167,19,Ryger
Mand,73,182,39,Ryger
Kvinde,60,160,83,Ryger ikke
Mand,71,178,27,Ryger ikke
Mand,84,180,49,Ryger
Kvinde,56,170,83,Ryger
Kvinde,52,165,28,Ryger ikke
Mand,87,178,48,Ryger ikke
Mand,75,175,50,Ryger
Kvinde,57,160,48,Ryger
Kvinde,70,170,67,Ryger
Mand,92,190,33,Ryger ikke
Mand,76,173,88,Ryger ikke
Mand,60,172,34,Ryger
Kvinde,52,160,34,Ryger ikke
Kvinde,45,158,35,Ryger
Kvinde,71,168,69,Ryger ikke
Kvinde,75,170,45,Ryger
Kvinde,75,NA,45,Ryger
Mand,84,175,68,Ryger
Mand,70,173,26,Ryger ikke
Mand,90,185,30,Ryger
Kvinde,59,171,24,Ryger ikke
Kvinde,75,179,33,Ryger
Mand,73,175,30,Ryger ikke
Kvinde,75,168,56,Ryger ikke
Mand,65,180,28,Ryger
Mand,80,180,46,Ryger
Kvinde,59,173,39,Ryger
Kvinde,62,184,28,Ryger ikke
Kvinde,66,173,23,Ryger ikke
Kvinde,54,161,77,Ryger
Kvinde,65,171,34,Ryger
Mand,83,188,28,Ryger ikke
Kvinde,65,165,20,Ryger ikke
Kvinde,57,157,28,Ryger ikke
Mand,73,178,32,Ryger ikke
Kvinde,62,167,42,Ryger
Kvinde,73,NA,69,Ryger
Mand,90,180,30,Ryger ikke
Kvinde,100,168,32,Ryger ikke
Mand,68,171,25,Ryger
Mand,110,176,26,Ryger
Kvinde,52,165,25,Ryger
Kvinde,50,158,44,Ryger
Mand,73,182,27,Ryger
Mand,70,171,21,Ryger ikke
Mand,95,184,41,Ryger ikke
Mand,67,174,61,Ryger
Kvinde,70,174,24,Ryger
Kvinde,52,158,24,Ryger ikke
Mand,70,187,21,Ryger ikke
Kvinde,70,174,22,Ryger ikke
Mand,70,181,22,Ryger ikke
Kvinde,75,169,25,Ryger ikke
Mand,75,177,47,Ryger
Mand,95,180,27,Ryger
Mand,95,205,24,Ryger
Kvinde,59,175,43,Ryger ikke
Kvinde,45,162,48,NA
Kvinde,61,167,41,Ryger ikke
Kvinde,NA,169,54,Ryger ikke
Kvinde,65,172,36,NA
Mand,72,172,65,Ryger
Kvinde,NA,NA,NA,Ryger ikke
Mand,95,195,20,Ryger
Mand,84,184,61,Ryger
Kvinde,NA,NA,79,Ryger
Mand,80,193,32,Ryger
Kvinde,64,163,47,Ryger
Kvinde,65,152,34,Ryger ikke
Mand,70,181,41,Ryger
Kvinde,68,160,54,Ryger ikke
Mand,92,190,49,Ryger
Mand,66,178,28,Ryger
Mand,60,173,28,Ryger ikke
Kvinde,69,175,32,Ryger ikke
Kvinde,60,163,26,Ryger ikke
Kvinde,80,175,52,Ryger ikke
Mand,86,196,29,Ryger
Kvinde,63,157,29,Ryger ikke
Mand,73,164,73,Ryger ikke
Kvinde,63,155,58,Ryger ikke
Kvinde,53,162,27,Ryger ikke
Kvinde,79,178,23,Ryger
Kvinde,49,150,84,Ryger ikke
Mand,77,192,21,Ryger
Mand,50,170,86,Ryger
Mand,84,178,53,Ryger ikke
Mand,80,181,60,Ryger ikke
Mand,56,174,70,Ryger
Mand,81,190,21,Ryger ikke
Mand,71,186,25,Ryger ikke
Mand,92,189,25,Ryger
Mand,94,194,29,Ryger ikke
Mand,88,183,40,Ryger ikke
Mand,60,177,26,Ryger
Kvinde,54,157,65,Ryger
Kvinde,92,179,18,Ryger ikke
Kvinde,56.4,169,24,Ryger
Kvinde,58,174,38,Ryger ikke
Kvinde,NA,162,38,Ryger ikke
Mand,84,183,26,Ryger
Kvinde,NA,NA,46,Ryger ikke
Mand,85,175,36,Ryger ikke
Mand,78,176,31,Ryger ikke
Kvinde,79,174,28,Ryger ikke
Kvinde,67,168,56,Ryger
Mand,90,187,26,Ryger
Mand,87,179,33,Ryger
Mand,85,178,31,Ryger
Kvinde,55,166,32,Ryger
Mand,110,187.5,21,Ryger ikke
Kvinde,80,170,29,Ryger
Mand,95,177,49,Ryger ikke
Mand,80,187,26,Ryger ikke
Mand,NA,183,23,Ryger ikke
NA,NA,NA,NA,Ryger
Mand,75,180,51,Ryger ikke
Mand,92,188,31,Ryger ikke
Mand,105,189,39,Ryger ikke
Mand,73,174,32,Ryger ikke
Mand,62,171,28,Ryger
Mand,77,185,26,Ryger ikke
Kvinde,60,NA,82,Ryger ikke
Kvinde,53,172,28,Ryger
Kvinde,57,167,47,Ryger ikke
Kvinde,75,177,25,Ryger
Kvinde,57,175,21,Ryger ikke
Mand,120,197,52,Ryger ikke
Kvinde,118,164,53,Ryger
Kvinde,60,167,42,Ryger ikke
Mand,74,178,52,Ryger
Kvinde,55,158,87,Ryger ikke
Mand,85,196,25,Ryger ikke
Kvinde,56,168,23,Ryger ikke
Mand,80,188,28,Ryger ikke
Kvinde,69,164,48,Ryger ikke
Mand,61,177,37,Ryger
Mand,70,186,24,Ryger ikke
Kvinde,56,168,29,Ryger ikke
Mand,95,180,32,Ryger ikke
Mand,85,182,48,Ryger
